,0,1,2,3,4,5,6,7,8,9,10,11,12,13,14,15,16,17,18,19,20,21,22,23,24,25,26,27,28,29,30,31,32,33,34,35,36,37,38,39,40,41,42,43,44,45,46,47,48,49,50,51,52,53,54,55,56,57,58,59,60,61,62,63,64,65,66,67,68,69,70,71,72,73,74,75,76,77,78,79,80,81,82,83,84,85,86,87,88,89,90,91,92,93,94,95,96,97,98,99,100,101,102,103,104,105,106,107,108,109,110,111,112,113,114,115,116,117,118,119,120,121,122,123,124,125,126,127,128,129,130,131,132,133,134,135,136,137,138,139,140,141,142,143,144,145,146,147,148,149,150,151,152,153,154,155,156,157,158,159,160,161,162,163,164,165,166,167,168,169,170,171,172,173,174,175,176,177,178,179,180,181,182,183,184,185,186,187,188,189,190,191,192,193,194,195,196,197,198,199,200,201,202
0,2937.568455,2575.62872,3365.619291,1324.154942,1154.7491,2075.723885,0,1220.754522,1226.322567,1438.075512,0,0,1253.933086,0,0,1066.027352,0,2188.522358,2205.719358,967.2195261,0,0,0,0,886.1050231,0,0,0,0,0,0,0,1350.372704,0,0,0,0,0,659.8177961,830.626298,0,0,0,0,0,0,0,0,0,0,0,0,0,0,527.3462449,0,0,0,0,0,0,0,0,0,0,0,0,0,0,0,0,0,0,0,0,0,0,0,0,0,0,0,0,0,0,0,0,0,0,0,0,0,0,0,0,0,0,0,0,0,0,0,0,0,0,0,0,0,0,0,0,0,0,661.9609734,0,0,0,0,0,0,279.3030582,0,0,0,448.7657851,0,0,0,0,0,0,0,0,0,0,0,0,0,0,0,0,0,0,0,0,0,0,0,0,0,0,0,0,0,0,0,0,0,0,0,275.6335552,0,0,0,0,0,0,0,0,0,0,0,0,0,0,0,0,0,0,0,0,0,0,0,0,0,0,0,0,0,0,0,167.711889,0,0,0,0,0,0,0,0,0,0
1,4255.533327,3147.231891,1787.59889,2222.127513,2229.552954,1200.929369,1275.36675,1681.568722,1649.426674,371.2705543,0,2915.697433,0,2444.018852,0,0,1864.071969,0,1941.765651,2195.979745,0,0,0,0,0,1420.735606,0,0,0,0,0,0,0,0,0,0,0,0,0,0,0,0,0,0,240.615597,0,0,0,0,0,0,0,399.2739148,0,984.1453701,0,0,0,0,0,0,338.5706381,0,0,0,0,0,0,0,0,288.1365985,0,0,0,0,0,0,0,0,0,0,0,0,0,0,0,0,0,0,0,0,0,0,0,0,0,0,0,0,0,0,0,0,0,0,0,416.522997,0,0,0,0,0,0,0,0,0,0,0,0,0,0,0,0,0,0,0,548.6908666,0,0,0,0,0,373.6285469,0,0,0,0,0,0,0,0,0,0,0,0,0,0,0,0,0,0,0,0,0,0,1319.721297,0,0,0,0,0,0,0,0,0,0,0,0,0,0,0,0,0,0,0,0,765.9746839,0,0,0,0,0,0,0,0,0,0,0,0,0,0,0,0,0,0,0,0,0,0,0,0,0,0
2,3759.171701,2910.826353,2622.2234,2367.887758,0,1745.496956,1285.92058,0,0,1061.974758,2900.080638,2919.235095,0,0,0,2693.981887,0,2092.678077,2063.875903,0,0,0,0,1513.601659,0,1314.462752,0,1361.00859,0,0,0,0,0,0,0,0,0,0,0,0,0,0,0,0,0,0,0,0,0,0,651.4156102,428.6849348,0,0,0,0,0,0,0,0,0,0,0,0,0,0,727.1516514,0,353.8557475,0,166.4507055,0,0,0,0,0,0,0,0,0,0,0,0,0,0,0,0,0,0,0,0,0,0,0,0,0,0,0,0,0,0,0,530.5254244,0,0,0,0,0,211.2809794,267.4257282,0,0,0,0,0,0,0,0,0,0,0,0,0,0,0,0,0,0,0,0,0,0,0,0,0,0,0,0,0,0,0,0,0,0,0,0,0,0,0,0,0,0,207.7918889,0,0,0,0,0,0,0,0,0,0,0,0,0,0,0,0,0,0,0,0,0,0,0,0,0,0,0,1297.282773,0,0,0,0,0,0,0,0,0,0,0,0,0,0,0,0,0,0,0,0,0,0
3,3116.813903,3332.474295,0,2908.946181,2168.446206,0,1054.76196,0,0,0,2640.873737,0,869.4224839,0,1855.305535,0,0,0,1776.512336,1309.277919,0,0,0,859.3272189,0,0,1257.872858,0,1036.199014,0,0,0,0,0,0,0,0,0,0,0,557.0204503,0,0,0,0,0,0,0,0,0,0,0,0,0,0,0,0,0,634.4229963,0,0,0,0,0,0,0,0,0,0,0,0,0,0,0,0,0,0,0,0,0,0,0,0,0,0,612.9283346,0,0,0,0,0,0,0,0,0,403.013944,0,0,0,0,0,0,0,0,0,0,0,0,448.4403768,0,0,0,0,0,0,274.9520734,0,0,0,0,0,407.4564068,353.622991,0,0,0,0,168.8784603,0,0,0,0,264.5522517,0,0,0,0,0,0,0,0,0,0,0,0,0,0,0,0,0,0,0,0,0,0,0,0,0,0,0,0,0,0,0,0,0,0,0,0,0,0,0,0,0,0,0,0,0,0,0,0,0,0,0,0,0,0,0,0,0,0,0,0,0,0,0,0,0,0,0,0,0,0
4,3739.206275,2949.405322,1998.199906,1958.313608,0,0,1397.766137,0,1644.590211,0,1973.919697,2030.170427,0,0,0,2362.64197,2301.270277,0,0,1521.893174,0,0,0,0,0,0,0,0,0,0,0,0,0,0,0,0,0,0,0,0,1029.527503,0,1033.88413,0,385.2454783,0,0,0,0,0,0,0,0,0,0,0,0,0,0,0,0,0,0,0,612.7378929,0,0,0,0,0,0,0,0,0,0,0,0,0,0,0,0,0,0,0,233.9003938,0,0,0,0,0,0,0,0,0,0,0,0,641.4374186,0,0,0,0,0,0,127.2175866,0,0,0,0,0,0,0,0,0,0,0,0,589.7870522,0,0,0,0,0,0,0,0,0,0,0,0,642.7783774,0,0,0,0,0,0,0,0,0,0,0,0,0,0,0,0,0,0,0,0,0,0,0,0,0,0,0,0,0,0,0,0,0,0,0,0,0,0,0,0,0,0,0,0,0,0,0,0,0,0,0,0,0,0,0,0,568.1591139,0,0,0,0,0,0,0,0,0,0,0,0,0,0,0
5,3221.287593,3085.086409,2266.681933,2452.434322,2498.330886,0,1842.661676,1086.149456,1123.479257,0,0,1718.418861,796.8847722,1020.092825,0,0,0,2231.282904,0,1329.13481,0,0,0,0,824.4396403,949.3210321,0,0,0,0,0,0,943.0283253,0,0,0,0,0,0,0,539.276096,0,0,0,0,0,0,0,0,0,0,0,0,501.7704966,0,0,0,0,0,0,0,0,0,0,0,0,0,0,623.0876578,0,0,0,0,0,177.0005419,0,0,405.6648117,0,0,0,0,0,0,0,0,0,0,0,0,0,0,0,0,0,0,0,0,0,0,0,0,0,0,0,0,0,0,0,400.28244,0,0,0,0,0,0,0,0,0,0,293.6968317,0,0,540.4044077,332.2638957,0,0,0,0,0,0,0,0,0,0,0,0,0,0,0,0,0,0,0,0,0,0,0,0,0,0,0,0,0,0,0,0,470.6487275,0,0,0,0,0,0,0,0,0,0,0,0,0,0,0,0,0,0,0,0,0,0,0,0,0,0,0,0,0,0,0,0,0,0,0,0,0,0,0,0,0,0,275.8084154,0,0
6,3411.697369,2669.009115,3168.259448,2657.124073,3262.009415,0,0,0,0,2806.445365,2025.34225,1726.370752,868.1624092,0,0,1658.580495,0,0,1765.461834,0,834.6251492,0,0,0,0,0,0,0,0,0,500.7985059,0,0,0,0,0,0,0,1781.307692,940.1778539,0,0,0,0,298.3708903,0,0,0,0,0,0,0,0,0,0,0,432.4139656,0,0,0,0,0,0,0,0,0,0,484.9254151,0,0,0,0,0,0,281.1184713,0,0,0,0,0,0,0,0,0,0,208.6381489,0,0,0,0,0,0,0,0,0,0,0,0,0,0,262.3411677,174.5581747,0,0,0,0,0,0,341.8759342,0,0,0,0,0,0,0,0,0,0,0,0,0,0,0,0,0,0,0,0,1337.055212,0,0,0,0,0,0,0,0,0,0,0,0,0,0,0,0,0,0,0,0,0,291.6049593,0,0,0,866.9835156,0,0,499.5342507,0,0,0,0,0,0,0,0,0,0,0,0,0,0,0,0,0,0,0,0,0,0,0,0,0,0,0,0,0,0,206.3142277,0,0,422.9911864,0,0,0,0,0,0,0,0,0,0
7,4829.131181,2153.64086,1294.305572,2220.168055,0,2637.506721,985.5617284,1094.934153,1369.998314,1526.275216,0,1067.165751,1215.864141,0,1437.087312,0,0,1443.63946,1196.969159,0,0,0,0,1433.366015,0,0,0,0,0,0,0,0,0,0,0,0,0,2143.103372,0,0,0,0,945.7903775,0,0,0,0,485.6270031,0,0,0,0,0,0,0,0,0,0,0,0,0,0,0,440.6690866,0,0,0,0,0,0,0,0,0,0,0,0,0,0,0,0,0,0,0,0,0,0,0,0,0,0,0,0,0,0,0,325.7854445,0,0,0,0,0,0,0,0,681.2747366,471.8713391,0,0,0,0,0,0,0,941.5131651,0,0,0,0,0,0,0,0,0,0,0,0,0,0,0,0,0,0,0,0,0,0,0,0,0,0,0,0,0,0,0,396.3978114,0,0,0,0,0,0,0,0,0,0,0,0,0,0,0,0,0,0,0,0,0,0,0,0,0,0,0,0,0,0,0,0,0,0,0,0,0,0,0,0,0,0,0,0,0,0,0,0,0,412.322218,0,0,0,0,0,0,0
8,4078.122814,2269.948887,2069.507127,1926.531508,0,2583.733977,880.4924194,835.5943401,804.0072224,0,0,0,0,1396.993761,2309.818472,0,2053.445194,1307.193656,698.1157878,0,0,0,0,1997.467732,0,1052.271713,0,1673.166525,0,0,0,1076.252918,0,1090.539219,0,0,0,0,0,0,0,822.2752903,0,0,0,696.9059099,0,0,0,0,0,0,0,0,0,0,326.2795559,0,0,0,0,0,0,0,0,0,0,0,0,0,0,0,0,0,0,0,0,0,0,0,0,0,0,0,0,0,0,0,0,0,0,0,0,0,0,0,0,504.5564086,0,0,0,0,0,0,0,0,0,0,0,0,0,0,0,0,0,0,0,0,0,0,0,0,0,0,0,0,0,486.6991516,0,0,0,0,0,0,0,337.1169169,557.3666869,0,0,0,0,0,0,0,0,0,0,0,0,0,0,0,0,0,0,0,0,0,0,0,0,0,0,0,0,0,0,0,0,0,0,0,0,0,0,0,0,0,0,0,0,0,0,0,434.8558524,0,0,0,0,0,0,0,0,0,0,0,0,0,0,0,0,0,0
9,3881.170826,3371.869387,2441.391319,1480.230323,1684.111283,0,0,2343.813872,0,1929.068209,2007.032413,1330.414573,0,2047.669882,0,1896.136101,1456.967795,0,0,0,0,0,0,1150.604439,0,0,0,1104.442516,0,847.1382989,0,0,0,0,0,0,690.1354369,0,0,0,0,0,0,0,0,0,0,1102.054684,476.6177239,0,0,0,0,0,392.9967264,0,0,0,0,0,0,0,861.5013632,0,0,0,0,589.8842174,0,0,0,0,0,0,0,0,0,0,0,0,0,285.052291,0,0,0,0,0,0,0,0,0,0,0,0,0,0,0,0,0,0,692.7151363,0,0,0,316.748394,0,351.229593,0,182.2376826,0,0,0,0,0,0,0,0,0,0,0,0,0,0,0,966.713485,0,0,0,0,0,0,0,0,0,0,0,0,0,0,0,0,0,223.9630528,0,0,0,0,0,0,0,0,0,0,0,0,0,0,0,0,0,0,0,0,0,0,0,0,0,0,0,0,0,0,0,0,0,0,225.9081678,0,0,0,0,0,0,0,0,0,0,0,0,0,0,0,0,0,0,0,0,0,0,0,0,0
10,4320.488595,3617.806895,3188.895744,2209.491231,1325.645534,0,0,0,1563.655962,1180.278427,0,0,1510.239463,0,0,0,0,2282.842394,1427.260913,0,0,1212.162083,0,2211.788635,2653.288448,0,0,0,941.4084892,0,1421.841002,1437.798594,0,0,0,0,0,1333.644205,0,1671.674845,0,0,0,0,0,0,0,0,0,1304.47384,0,0,621.7555106,231.7799756,0,0,0,0,0,0,0,0,0,0,0,0,0,0,0,0,0,0,0,0,0,0,0,0,0,0,0,0,0,0,0,0,0,0,0,0,0,0,0,0,0,0,0,0,0,0,0,0,0,143.6343413,0,0,338.3065179,0,0,0,0,0,0,0,0,0,0,0,0,0,0,0,0,0,0,0,395.9880582,0,745.9954311,0,0,0,0,0,0,0,0,0,130.8456072,0,0,394.1530221,0,0,0,0,0,0,0,0,0,0,0,0,0,0,0,0,0,0,0,0,0,0,0,0,0,0,0,0,0,0,0,0,0,0,0,0,0,0,0,0,0,0,0,0,0,0,0,290.6041359,328.1365722,0,0,0,0,0,0,0,0,0,0,0,0
11,3911.482937,3046.134915,0,3385.90875,1884.989535,2823.381749,3166.119886,0,0,0,1044.180966,1462.411084,2274.734666,1547.985773,0,2363.849468,1700.117799,2360.526242,0,0,568.1502748,0,0,0,0,1983.061455,0,0,1831.42748,628.7062851,242.5938971,0,0,0,0,0,0,0,0,0,576.2658376,0,494.7797468,0,0,0,0,0,0,0,0,0,0,0,0,0,0,0,0,0,0,0,0,0,0,0,0,0,0,0,320.2910659,0,0,459.9248268,0,0,0,0,0,0,0,0,0,0,0,0,0,0,0,0,0,0,0,0,0,415.686214,0,0,0,0,0,0,0,0,0,0,0,0,0,0,0,997.7190357,0,0,0,0,0,0,0,0,0,0,0,0,0,0,0,0,0,0,0,0,0,0,584.2075689,0,0,0,203.5084744,0,0,0,342.3486416,0,0,0,0,0,0,0,0,0,0,0,0,0,0,0,0,0,0,0,0,0,0,0,0,0,0,0,0,0,0,0,0,0,0,0,0,0,0,0,0,0,0,0,0,0,0,0,0,0,0,0,0,0,0,0,0,0,0,0,0
12,4344.525045,1516.610615,2511.4653,2232.539072,2216.767793,3094.930786,2397.667303,448.0023181,0,0,0,1041.5428,0,2358.649268,2425.198647,0,1951.63881,1275.069087,0,0,0,0,757.925785,0,1176.366248,0,0,0,0,0,0,0,0,0,0,0,0,0,0,1103.433621,0,0,0,0,526.8336917,0,0,0,0,0,0,0,0,0,0,0,0,0,0,0,633.5185443,0,0,0,0,0,0,0,0,0,0,0,0,0,487.3584892,0,0,0,0,0,0,0,0,0,0,0,0,0,0,0,0,0,0,0,0,0,0,0,0,0,0,0,0,0,0,0,0,0,0,0,0,946.9459797,0,0,0,0,0,0,0,0,0,0,0,0,0,0,0,0,0,0,0,0,0,0,0,0,0,0,0,503.7624367,0,0,0,0,0,0,0,480.1072977,0,0,0,0,0,0,0,0,199.5231954,0,0,463.8605824,0,0,0,0,0,0,0,0,0,0,0,215.5541601,0,0,0,0,0,0,0,0,0,353.2027535,0,0,0,0,0,0,0,0,0,0,0,0,0,0,0,0,0,0,0,0,0
13,4383.243145,3141.646965,3410.055943,0,0,0,0,0,3120.122357,0,0,0,1937.386829,0,0,2159.808736,0,1451.877199,577.1453385,959.6133385,0,950.3741734,0,0,0,0,0,0,0,0,0,1530.787752,1129.282843,0,303.2514678,0,0,0,0,0,0,0,737.859517,264.176542,0,0,0,0,0,0,0,0,0,0,0,0,0,0,0,0,0,0,297.9172412,0,0,0,0,0,0,0,0,0,0,0,0,0,0,0,0,0,0,0,0,0,0,0,0,0,0,0,0,0,0,0,0,0,0,0,0,0,0,0,0,0,0,0,0,0,0,0,0,0,0,0,0,0,0,0,0,0,0,0,0,0,0,0,0,0,0,0,0,0,0,0,0,0,0,1096.278348,632.0910914,0,0,0,0,0,0,0,0,0,409.9562378,0,0,0,0,0,0,0,0,0,0,0,0,0,0,0,0,0,0,0,0,0,0,0,0,0,0,376.1549524,0,0,0,0,0,0,0,0,0,0,0,0,0,0,0,0,0,0,0,0,0,0,0,0,0,0,0
14,3643.001699,2474.186395,2244.558271,1620.159247,2009.311322,0,1234.05296,739.7374491,0,2286.786071,1378.504282,0,1291.12364,0,0,0,1902.452993,0,1381.15753,0,1665.707826,1427.391657,1249.899393,625.666983,737.7206377,767.3700336,0,0,0,0,0,0,0,0,0,0,0,0,0,0,0,0,2291.572716,0,0,0,0,0,0,654.8446306,0,669.6002454,0,0,0,0,0,593.0904693,0,0,0,0,0,0,0,0,0,0,0,0,0,0,0,0,0,0,0,0,0,672.7599271,0,0,0,0,0,0,326.9677184,0,0,0,0,0,0,0,0,0,0,0,0,0,0,0,0,0,0,0,0,0,0,0,0,1026.935082,0,0,0,0,0,0,0,0,0,0,0,0,0,0,0,0,0,0,0,0,0,0,0,0,0,0,0,0,0,0,0,0,0,0,0,0,0,0,0,0,0,0,0,0,0,0,0,0,0,0,0,0,0,0,0,0,0,0,0,0,0,0,0,0,0,0,0,0,0,0,0,0,0,0,0,0,0,0,0,0,0,0,0,0,0,0,0,0,0,0,0
15,3186.725021,2403.808709,2494.25377,0,2545.779015,0,1983.446631,0,2021.516913,2218.477913,1430.203673,2006.604397,2200.901882,0,0,0,2479.024405,2807.150325,1826.09135,0,0,0,0,0,920.8407378,0,0,0,0,0,0,0,0,0,1122.378628,0,0,0,0,0,0,631.4574548,0,0,0,0,0,703.9843727,0,0,0,0,0,1121.293978,0,0,0,0,0,0,0,0,0,0,0,0,0,0,0,0,0,0,0,0,120.1321975,0,0,0,0,0,0,0,0,0,0,0,0,0,0,0,0,0,0,0,0,0,0,0,0,0,0,713.502203,0,0,0,0,0,0,0,0,0,0,0,0,0,0,0,0,0,917.1339927,0,401.6130748,0,0,0,0,0,0,0,0,0,0,0,0,0,0,291.703571,824.2096094,272.2468323,0,0,0,0,0,0,0,0,0,0,0,0,0,0,0,0,0,0,0,0,0,281.8299905,0,0,0,0,0,0,0,0,0,0,0,0,0,0,0,0,0,0,0,0,0,0,0,0,0,0,0,0,0,0,0,0,0,0,0,0,0,0,0,0,0,0
16,3826.99907,2791.233925,2457.880792,3577.40757,2215.606548,0,0,1137.753998,0,1594.489345,1763.472135,1583.187985,1034.524236,1851.128008,2915.232569,2046.098567,587.6366667,0,0,1182.544413,0,670.2382009,0,0,0,0,809.5350616,1033.743397,0,972.8619552,0,0,0,0,0,0,0,0,0,0,0,0,0,0,0,0,715.6648341,0,0,0,0,454.1549284,0,0,696.3107181,0,0,0,0,0,0,0,0,0,276.1788273,0,0,0,0,0,0,0,0,0,0,0,0,0,0,0,0,0,0,0,0,0,0,0,0,0,0,0,0,0,0,0,0,0,0,599.5052824,0,0,0,0,0,0,0,0,0,0,0,0,0,0,0,0,0,0,0,0,0,0,0,0,0,0,1489.983719,0,216.5331665,0,0,0,0,0,0,0,0,0,427.5942256,0,0,0,0,0,0,0,0,0,0,0,0,0,0,0,0,0,0,0,0,0,0,0,0,0,0,0,0,0,0,0,0,0,0,0,0,0,0,0,0,0,0,0,0,0,0,0,0,0,0,0,0,0,0,0,0,0,0,286.2860936,0,0,0,0,0
17,4125.884932,1841.395245,1966.813667,1210.857739,1449.815745,0,1825.910442,963.8342893,1386.021825,0,0,2672.957653,2366.007709,1626.05056,2774.135432,0,0,0,1817.843853,1169.169238,0,622.352497,0,711.2672212,667.095323,0,1191.408096,0,0,0,0,0,0,0,1478.271723,0,0,0,0,0,0,0,0,0,0,1194.196406,0,0,0,0,0,0,0,0,0,0,0,0,0,0,0,0,0,0,360.100242,508.3840547,0,0,0,0,0,0,0,0,0,0,0,0,0,0,0,0,0,0,0,0,0,632.4320412,142.1350368,0,0,0,0,0,284.3888154,0,241.7093409,0,0,0,0,0,0,0,0,0,0,588.8289884,0,0,0,0,0,0,0,0,0,0,0,0,0,0,0,275.6306379,0,0,0,0,0,446.448596,0,0,0,306.92979,0,0,0,0,0,0,0,0,0,0,0,0,0,0,0,0,0,0,0,0,0,0,0,0,0,0,0,0,0,0,0,0,0,0,0,0,0,0,0,0,0,0,0,0,0,0,0,0,387.8325712,0,0,0,0,0,0,0,0,0,0,0,0,0,0,0,0,0,0,0,0
18,4583.231047,0,3411.01587,0,2540.728084,1591.090029,0,1933.848973,0,2344.295246,0,0,0,1708.046694,1823.227633,1724.362746,1806.967051,0,0,0,0,0,0,0,0,0,0,0,0,0,0,0,0,1641.217706,0,0,0,0,0,0,0,0,865.1727193,632.7108642,0,0,0,0,0,0,444.3015794,0,0,0,0,0,0,459.3840857,646.2836456,0,0,0,0,0,0,0,0,0,0,0,0,0,0,0,0,0,344.7466792,0,0,0,0,0,0,0,0,0,0,0,0,0,0,0,584.6816538,0,0,0,0,0,0,0,0,0,0,0,0,573.4305609,0,0,170.3770771,52.87209883,0,0,0,0,0,0,0,0,0,0,0,0,0,0,0,0,0,0,775.9392846,0,0,0,0,0,0,0,0,0,0,0,0,0,0,0,174.2457432,0,0,0,0,0,0,0,0,0,0,0,0,0,0,0,0,0,0,0,0,0,0,0,0,0,0,0,357.6689018,0,0,0,0,0,0,0,0,0,0,0,0,0,0,0,0,0,0,0,0,0,0,0,0,0,0,643.8679527,0,0,0
19,4302.281049,3665.889822,2147.467159,1568.936948,1206.611967,0,1665.541795,1403.370321,711.4900507,0,0,0,0,0,0,2479.590263,0,1886.773923,1309.885368,1409.344911,0,635.9680713,0,0,0,934.9087304,0,1987.13794,574.6568294,0,0,422.0869168,0,0,0,0,0,0,0,0,431.8309553,0,0,0,0,0,0,0,353.3364452,0,0,0,0,0,0,0,0,477.5803202,0,0,0,0,0,0,0,0,320.6926206,0,0,0,0,0,0,0,0,0,0,0,0,0,0,0,0,0,0,0,0,0,0,0,0,0,0,0,0,0,0,0,0,0,0,0,0,0,0,0,0,0,0,0,0,0,0,0,0,0,0,0,0,0,0,0,0,0,0,0,0,2009.3377,0,0,0,0,0,0,0,0,0,0,0,665.5719316,0,0,0,0,103.9933949,0,0,0,0,0,0,0,0,0,0,0,0,0,0,0,0,0,0,0,0,0,313.473177,0,0,0,0,0,0,0,0,0,0,0,0,0,0,0,0,0,0,0,0,0,0,0,0,0,0,0,0,0,0,0,0,0,0,0,0
20,3344.666628,3468.272718,3461.01009,2502.822559,1063.192865,1197.308261,1245.803752,1198.843894,0,1714.525143,0,0,1441.057679,0,3338.089398,0,3326.867632,771.596808,0,1339.824935,0,0,0,0,0,0,0,0,782.8359572,0,0,0,0,1482.32944,0,0,472.0506575,0,0,0,0,0,288.8052988,0,0,0,0,0,0,0,0,0,324.6418522,0,0,0,0,0,0,0,0,0,362.3936859,336.4338455,0,0,0,0,0,0,0,0,0,391.1333366,249.3081906,0,0,0,0,0,0,0,0,0,0,0,0,0,0,0,0,0,0,0,0,0,0,352.6595949,0,0,0,0,0,0,0,0,0,0,0,0,0,0,608.3249767,0,0,599.9466689,0,0,0,607.2740202,0,0,0,0,0,0,0,0,0,0,0,902.1406354,0,0,0,0,0,0,0,0,0,0,0,0,0,0,0,0,0,0,0,0,0,0,396.1022792,0,0,0,0,0,0,0,0,0,0,0,0,0,0,0,276.6568664,0,0,0,0,0,0,0,0,0,0,0,0,0,0,0,0,0,0,0,0,0,0,0,0,0,0,0,0,0,0,0,0
21,0,3396.139466,0,3413.335186,2516.13489,0,2035.67405,1738.268024,916.3871661,1531.242881,0,1856.477203,0,0,1314.032735,1878.027281,1673.707076,0,0,0,0,0,0,0,1514.793711,0,1028.533754,848.7903083,0,0,0,0,0,0,0,0,0,0,0,1551.881751,0,981.6679194,0,0,273.6599031,0,0,0,0,0,0,0,0,0,0,0,0,0,0,0,0,0,0,0,0,0,0,0,0,0,0,0,0,0,0,0,0,0,0,0,0,0,0,0,0,0,0,0,0,0,0,0,0,0,0,0,0,0,0,489.8797502,0,0,0,0,0,0,0,0,0,0,0,1071.715016,0,0,0,0,0,0,0,985.3576587,326.2715408,0,0,0,0,0,0,0,0,0,0,0,0,0,0,0,0,0,0,0,0,0,0,0,0,0,0,0,0,0,0,0,0,0,0,0,0,0,0,0,847.0968608,0,0,0,0,0,0,0,0,0,0,0,0,0,0,0,0,0,0,0,0,0,0,0,0,803.3913092,301.0178478,0,0,0,0,0,0,0,0,0,0,0,0,0,0,0,0
22,4738.286046,2392.977364,0,1748.404618,1579.445399,1927.53758,2050.529734,0,0,0,1904.905202,1366.688413,1313.600725,0,3337.105199,0,2173.576818,0,0,0,2439.245238,1427.674883,0,0,0,0,1659.497825,0,0,1224.697781,0,0,0,0,0,0,0,0,0,879.1313758,0,0,714.93055,0,0,0,990.6536284,0,0,0,512.056703,404.7882324,236.3499962,427.2610771,0,379.4341412,0,0,0,0,0,0,0,0,0,0,356.949034,0,0,0,0,0,0,0,0,0,0,0,0,0,0,0,0,0,0,0,0,134.1128068,0,222.2532042,0,0,0,0,0,0,0,0,0,0,0,0,0,0,0,0,0,0,0,0,0,719.9538923,0,0,0,0,0,0,0,0,0,0,0,0,0,401.1771522,561.7653673,381.5077266,0,0,0,861.2370088,0,0,0,0,0,0,0,0,0,0,0,0,0,0,0,0,0,0,0,0,0,0,0,0,0,0,0,0,0,0,0,0,0,0,0,0,0,0,0,0,0,0,0,0,0,0,0,0,0,0,0,0,0,0,0,0,0,0,0,0,0,0,0,0,0,0,0,0,0,0,0
23,4103.623484,2955.800868,0,2882.102962,0,0,2087.000054,1352.191147,1867.847323,2014.886021,0,0,1694.731033,1771.381109,2309.972359,1320.652675,896.299314,760.2784084,0,0,0,0,0,0,0,0,1317.657059,0,1245.680939,0,0,0,0,0,0,0,0,0,0,0,0,0,0,0,0,0,0,0,0,0,0,0,0,0,0,0,0,0,0,530.6468157,0,0,0,0,0,1107.161353,0,0,0,0,0,0,0,0,0,0,0,0,0,0,0,0,833.196821,0,368.1737796,0,0,0,0,395.6346032,0,0,0,0,557.5514826,0,0,0,0,0,0,0,0,0,296.9635261,0,0,0,0,0,806.3540831,0,0,0,0,0,0,0,0,0,0,249.6955274,0,0,0,0,0,0,0,0,0,0,0,0,0,0,0,0,0,0,0,0,0,0,0,0,0,0,0,0,0,0,0,0,0,0,0,760.5152184,0,0,502.1800933,0,0,0,0,0,0,0,0,0,0,0,0,0,0,0,0,0,0,0,0,0,0,0,0,0,0,0,0,0,0,0,0,0,0,0,0,0,0,0,0,0,0
24,5122.625671,3184.433429,2394.267573,2664.2324,2523.100548,0,0,1871.257554,0,2787.293538,0,0,1588.652006,1797.457801,1569.921722,1353.164742,899.9018048,1225.620449,0,0,0,0,1172.21079,0,0,0,692.8811876,0,0,0,0,940.4974348,0,0,0,0,0,0,0,0,0,0,0,419.1477382,0,0,0,0,0,0,0,0,0,0,0,0,0,0,0,0,0,740.7464555,0,0,0,0,0,0,0,702.8768498,218.2583505,0,0,0,0,349.3342301,0,0,0,0,0,0,0,0,395.0710171,0,0,0,0,0,0,0,0,841.3339153,0,0,0,0,0,0,0,593.2284583,0,0,0,0,0,0,0,0,0,0,0,0,0,190.6180094,0,0,0,0,0,0,298.385038,0,0,0,0,0,0,0,0,0,386.0929575,0,0,0,0,313.9612034,0,0,0,0,0,0,0,0,0,0,767.2285055,0,0,0,0,0,0,0,0,0,0,0,0,0,0,0,0,0,0,0,0,0,0,0,0,0,0,0,0,0,0,0,0,0,0,0,0,0,0,0,0,0,0,0,0,0,0,0,0,0,0,0,0,0,0
25,5454.541422,2709.535899,0,2272.971873,0,0,2789.638162,2640.882619,1950.192564,2561.341587,2455.644359,0,0,1709.319897,1420.627543,1918.633655,1723.298011,0,1180.108719,0,0,0,532.4274486,755.4565466,0,806.085389,0,0,0,0,0,0,0,0,1712.43435,477.1752662,0,0,0,0,0,0,0,0,0,0,0,0,0,0,0,0,0,679.3202334,0,0,0,0,0,0,0,0,0,0,0,0,0,0,765.8137656,0,0,791.3935979,0,0,0,0,0,0,0,0,0,0,0,0,0,0,0,0,0,0,0,0,0,0,0,0,624.3131121,0,0,0,0,0,365.0649046,0,0,0,0,0,0,0,0,0,0,0,0,0,0,0,0,0,0,0,0,0,0,0,0,0,0,0,0,0,0,0,0,0,0,0,0,0,0,0,0,0,0,0,0,0,0,0,0,0,0,0,0,0,0,0,0,0,0,0,0,0,0,0,0,748.6012621,0,0,0,0,0,0,0,0,0,0,0,0,0,0,0,0,0,0,0,0,0,0,0,0,0,0,0,0,0,0,0,0,0,0,0
26,4401.337474,3611.920944,1797.991475,3678.456913,3013.693481,1715.464275,0,2966.639902,1299.456097,1494.414829,907.4615581,1101.292811,0,0,1396.991894,0,0,1411.290033,1987.015442,0,0,0,1640.238848,0,0,1482.743701,0,1965.069863,0,597.0661847,0,0,0,846.5525538,0,0,0,0,0,0,0,0,0,0,0,0,0,0,0,0,0,0,0,0,0,0,0,0,0,0,0,0,0,0,0,0,0,0,0,0,0,571.063422,0,0,0,0,0,0,0,0,490.3332425,0,209.3046082,0,0,0,0,0,0,0,0,0,473.7747531,0,211.3855366,0,170.9514151,449.2761977,305.3282439,0,0,0,0,0,139.3324484,0,0,0,0,0,0,0,0,0,0,0,0,0,0,0,0,0,0,0,0,0,0,0,0,0,0,0,0,0,598.3716862,0,0,0,0,0,0,0,0,0,0,0,0,0,0,0,233.8317058,0,0,0,0,0,0,0,0,0,0,0,0,0,0,0,0,0,0,0,0,0,0,0,0,0,0,0,0,0,0,0,0,0,0,0,0,0,0,0,0,0,0,0,0,0,0,0,0,0,0,0,0
27,3947.716564,3209.312907,2447.913311,2080.515797,1839.950814,1178.474602,0,0,0,2516.359569,0,0,945.1147572,1838.985161,1075.136592,1830.967623,2454.81285,0,0,771.1848234,0,0,0,860.668681,0,0,0,0,0,0,0,0,0,0,0,0,0,1552.338987,0,0,1023.721189,0,0,0,0,0,798.5132591,0,0,0,0,0,0,0,0,0,0,0,0,0,0,0,0,0,0,0,0,375.1646506,0,419.6585228,0,0,0,338.8243931,0,0,0,172.0291893,0,0,0,0,0,0,0,0,0,0,0,0,0,0,0,0,0,0,0,0,0,0,0,0,0,0,0,0,0,0,0,821.8069123,0,0,0,0,0,0,0,0,0,0,0,0,0,0,0,0,0,0,0,0,639.9362284,0,0,274.8244944,0,0,0,0,0,0,0,0,0,0,0,0,132.8075498,0,0,0,0,0,0,0,0,0,0,0,0,0,0,0,0,217.433728,0,0,0,0,0,0,0,0,0,0,0,0,0,0,0,0,0,0,0,0,0,0,0,0,0,0,0,0,0,0,0,0,0,0,0,0,0,0,0
28,4658.322079,3190.111866,2307.775143,2647.11066,0,2098.473662,1690.955903,0,1190.538382,1145.164139,996.897732,2323.458365,0,2190.968591,2178.217316,0,0,0,0,0,0,1446.662624,0,0,0,0,0,0,0,0,0,0,0,0,1843.610215,0,0,0,0,1604.088022,807.0183795,0,0,0,0,0,0,0,0,0,0,0,0,378.2132506,263.7496522,0,0,0,0,606.6076874,0,0,0,0,0,0,0,0,0,0,0,0,0,0,0,0,0,0,0,0,0,0,0,0,0,0,0,0,0,0,0,0,0,0,0,0,0,0,0,0,0,0,0,0,0,0,0,0,0,0,0,0,0,0,0,0,0,0,839.9855526,0,0,0,0,0,0,0,0,0,0,0,0,0,0,0,0,468.1260978,0,0,0,0,0,0,0,0,0,0,850.2260395,0,0,0,0,0,0,0,0,0,0,0,0,0,0,0,0,0,0,0,0,0,0,0,0,0,0,0,0,0,0,0,0,0,0,0,0,0,0,0,0,0,0,0,0,0,0,0,0,0,0,0,0,0,0,0,0
29,3554.247822,2592.285742,3535.796777,3466.057005,1832.811556,1768.173602,0,2151.175598,596.1582322,2636.556355,0,3378.380111,0,3632.005111,2713.983716,1361.656392,1699.069787,0,973.4592831,873.6156182,0,0,1184.639728,0,0,0,0,0,0,0,0,0,0,0,0,0,0,0,0,1489.821843,0,0,0,0,0,0,0,0,0,0,0,0,0,0,1022.936825,0,0,0,0,0,0,0,0,0,0,0,915.4800292,0,0,0,0,0,1072.539572,0,0,363.7757323,0,0,0,0,0,0,0,0,584.7996834,184.426876,0,183.797376,0,0,0,0,0,325.0395301,208.6527087,0,0,0,0,0,0,0,0,0,0,0,0,0,0,0,0,0,0,0,0,0,472.2239284,0,405.4667516,0,0,0,0,0,0,0,0,0,0,0,0,0,0,0,0,0,0,0,0,0,0,0,0,425.7835107,0,0,0,0,0,0,0,0,0,0,0,0,0,0,0,0,0,0,0,0,0,0,0,0,0,0,0,0,0,0,0,721.7776909,0,0,0,0,0,0,0,0,0,815.2892486,0,0,0,0,0,0,0,0,0,0,0,0,0,0,0,0,0
30,3583.574551,2289.810462,2107.015747,1982.018684,1212.131004,0,913.5380589,1758.148936,0,1055.507673,0,0,1092.818495,0,2192.435613,0,0,0,0,0,0,1318.373817,1394.223553,1130.853138,0,1571.13378,0,0,0,0,0,0,0,0,0,998.5620823,0,0,0,0,0,0,997.8281663,0,0,0,0,0,0,0,0,0,0,0,0,0,619.0221322,0,0,0,0,0,0,0,0,0,0,292.8615209,0,0,0,0,0,0,0,0,0,0,0,0,0,0,0,0,0,0,0,0,0,0,0,0,0,0,0,0,0,485.8509364,587.6927428,0,0,0,0,0,0,0,0,0,0,0,0,0,0,0,0,0,306.6210293,0,0,184.5586939,0,0,0,0,0,0,0,0,0,0,0,0,0,0,0,0,456.5579524,0,0,0,0,0,0,0,0,0,0,0,0,0,0,0,0,0,0,0,0,0,0,0,0,0,0,0,0,0,0,0,0,0,0,0,0,0,0,0,0,0,0,0,276.1758635,0,0,0,0,0,0,0,0,0,0,0,0,0,0,0,0,0,0,0,0,0,0
31,3656.038886,0,3402.457141,0,3189.484894,1760.24601,2618.711983,0,1726.607487,0,2238.507335,1186.066293,1077.796214,1382.399492,1287.326561,0,2392.644801,0,1580.133073,1391.980467,0,1567.199893,452.0725004,0,0,1340.430364,1068.337203,0,0,0,0,0,0,0,0,0,0,0,0,0,0,0,0,0,0,0,0,0,0,0,0,0,0,0,0,0,0,796.9651504,0,0,0,0,0,0,0,0,0,623.3235536,0,123.1797198,0,0,0,0,0,0,0,0,0,0,0,0,0,0,0,0,0,0,0,0,0,0,0,0,0,268.9409123,0,0,0,0,0,0,0,0,0,0,0,0,0,0,0,324.0014295,0,0,0,0,0,0,0,0,0,0,0,0,0,0,0,0,0,0,0,0,550.2158235,0,490.2752748,0,0,0,0,0,0,0,482.0352714,0,0,0,0,0,0,0,0,0,0,0,0,0,0,0,0,0,0,0,0,0,0,0,0,0,0,0,0,0,0,0,0,0,0,0,0,0,0,0,0,0,0,0,0,0,604.4897754,0,118.4967423,0,0,0,0,0,0,0,0,0,0,0,0
32,4899.775091,2536.858121,2672.262987,2239.330121,2703.395219,1329.218191,1748.120707,0,912.7048806,0,2063.047857,1957.258565,843.389532,0,2494.139351,1360.570134,0,1371.822996,465.2829987,0,0,0,0,0,0,0,2055.371304,0,0,0,0,0,0,0,0,0,1008.883436,746.4029783,0,0,0,0,0,540.1263547,0,0,0,0,0,0,0,0,0,0,0,0,0,0,0,0,0,0,0,0,0,0,0,0,0,0,549.5206311,0,0,0,0,519.1318179,0,555.9391853,0,0,0,0,0,0,0,0,0,0,0,0,0,0,0,326.9773373,0,0,0,0,0,0,0,0,0,0,0,0,0,0,0,0,0,0,0,0,0,0,0,0,0,0,0,714.3974113,0,0,0,0,0,0,0,0,0,0,0,0,0,0,0,0,0,0,0,0,0,873.9104443,0,270.7478987,0,0,0,0,0,0,0,0,0,0,0,0,0,0,0,0,0,0,0,0,0,0,0,0,0,0,0,0,0,0,0,0,0,0,0,0,0,0,0,0,0,0,0,0,0,0,0,0,0,0,0,0,0,0,0,493.9339698,0
33,3688.131688,3476.490935,2030.184193,2438.413318,1347.89897,0,0,2208.832821,0,2101.650598,1219.82756,2171.79372,1864.604288,2642.525646,0,0,0,0,0,0,2362.073409,0,0,0,687.9945646,0,0,0,989.8784448,0,0,0,0,0,0,0,0,0,0,0,0,0,0,0,0,0,0,0,0,0,1096.194352,0,0,0,0,0,0,0,0,0,0,0,0,0,0,0,0,0,0,0,0,0,0,0,0,0,0,0,0,0,0,0,0,0,0,0,0,0,0,0,679.6633441,0,0,345.6572802,0,0,0,0,0,0,0,0,0,0,0,0,0,436.5436136,0,0,0,490.7682148,0,0,0,0,0,0,0,0,0,264.7003299,0,0,0,0,0,0,0,0,0,0,0,0,0,0,0,0,0,0,0,0,0,0,0,0,0,0,0,0,0,0,0,0,0,0,0,0,0,0,0,0,0,0,691.9891159,0,0,0,0,0,0,0,0,0,0,0,0,0,0,0,0,0,0,0,0,0,0,0,0,0,0,0,0,0,0,0,0,0,0,0,0,0,0
34,4473.272981,2732.423882,1189.3533,1191.227554,2446.13312,1183.556817,0,1203.082242,1629.533298,1048.584353,2119.054239,2349.041692,0,1532.300263,1722.458499,999.6184308,1285.756321,2077.94073,0,0,0,0,1033.731428,1744.387258,0,0,2270.735814,860.8371019,0,217.0887097,0,0,0,0,0,204.7835488,0,527.6634169,0,0,0,0,0,0,0,0,0,0,0,0,0,0,0,0,0,0,0,0,0,0,0,0,0,773.7643195,0,0,0,0,0,0,0,0,0,0,0,423.0269968,0,0,0,0,0,0,0,0,0,0,0,0,0,0,0,0,0,0,0,0,0,0,0,0,0,0,0,0,0,0,0,0,0,0,0,0,0,0,0,0,973.588137,0,0,0,0,0,0,0,0,0,0,0,0,0,0,0,0,0,330.0124934,137.0277075,0,0,0,0,0,0,0,0,213.0304537,0,0,0,0,0,0,0,0,0,0,0,0,0,0,0,0,0,0,0,0,0,0,0,0,0,0,0,0,0,0,0,0,0,0,0,0,0,0,0,0,0,0,0,0,0,0,0,0,0,0,0,0,0,0,0,0,0,0
35,4526.602998,4797.591133,2555.198673,0,2213.77854,2029.490587,850.3270549,0,0,1515.155647,1468.830084,0,0,2242.196737,0,0,0,0,2215.705724,1222.287572,0,0,0,0,0,0,1436.901255,0,881.0232464,0,778.131549,0,0,0,0,881.1768437,0,0,0,664.1137362,0,0,0,0,0,0,0,0,0,243.8478116,0,0,0,0,0,0,0,0,0,0,0,0,0,0,0,0,0,0,0,0,0,0,0,0,0,0,0,0,0,0,300.4792346,0,0,0,0,0,0,0,0,0,0,0,0,0,0,0,1060.069455,0,0,0,0,0,0,195.6708238,0,0,0,0,0,174.617821,0,0,0,0,0,0,0,0,0,0,0,0,0,0,0,0,0,0,0,601.0056437,0,0,0,0,412.0041529,0,0,0,0,0,0,0,0,0,0,0,0,0,0,0,0,0,0,0,0,0,0,0,0,0,0,0,0,0,0,296.4413074,0,0,0,0,0,0,0,0,0,0,303.2846859,0,0,0,0,0,0,358.1313864,0,0,0,0,0,0,0,0,0,0,0,0,0,0,0,0,0,0,0
36,4492.506549,3455.21028,0,1624.736623,2318.179736,2753.003203,2022.344593,0,2037.090023,0,1565.046752,1489.121918,2299.331524,1727.527099,1903.048003,2297.293453,0,874.5202276,954.5803638,1006.816983,0,0,0,0,845.5552756,0,1267.446525,0,0,0,0,0,0,0,0,0,0,958.9731196,0,0,0,0,0,0,0,0,0,0,0,0,0,0,0,0,0,0,0,0,0,0,0,0,0,0,0,0,0,0,0,0,0,252.6101351,0,0,0,0,0,0,0,0,0,0,0,0,0,0,0,0,0,0,0,0,0,0,0,0,0,0,0,0,0,0,0,872.843135,0,0,0,0,390.0980591,0,529.2035855,0,0,0,0,714.9331697,0,0,0,0,0,0,0,670.7325716,0,0,0,0,0,0,0,0,0,0,0,0,0,0,392.4369691,0,0,0,0,0,0,0,0,0,0,0,0,0,0,0,0,0,0,0,0,0,0,0,0,0,0,0,0,0,0,0,0,0,0,0,0,0,0,0,0,0,0,0,0,0,0,0,0,0,0,0,0,0,322.9159168,0,0,0,0,0,0,0,0,0,0
37,3995.870165,2667.42077,3084.308685,2159.932438,3179.755315,2594.089755,2185.162457,0,0,1777.790022,0,0,1400.486358,0,1114.047316,2500.60584,0,1743.665295,0,1647.187206,0,0,0,872.9230763,0,0,0,0,0,0,0,0,1504.932594,0,0,0,0,0,1574.565064,0,0,0,0,0,0,0,0,0,0,0,0,0,0,1051.305255,0,0,0,0,0,0,0,0,0,0,420.7430209,0,0,0,350.1566447,0,0,0,0,0,0,0,0,0,0,0,0,0,354.0942715,0,0,0,0,0,0,0,0,0,0,0,0,0,0,0,0,0,0,0,0,0,0,692.267415,0,0,0,0,0,0,0,0,0,0,0,0,0,0,0,0,0,0,0,0,0,0,0,0,0,0,0,0,0,0,0,0,0,0,0,0,510.7070642,0,0,0,0,0,0,0,0,622.4668495,0,0,0,0,0,0,0,0,0,0,0,0,0,0,0,0,0,0,0,0,0,0,0,0,0,0,0,0,0,0,0,0,0,0,0,0,0,0,208.5628714,0,0,0,0,0,0,0,0,0,0,0,0
38,3935.762214,3686.450767,3386.206669,2201.585099,0,3348.252659,0,2390.152052,0,2042.110389,1095.493426,0,0,0,2261.067518,0,2505.038916,0,1285.699802,0,917.083476,0,0,0,0,0,0,0,785.7854714,770.3830985,0,0,0,0,0,0,0,0,0,0,1122.260331,0,0,0,1444.443748,0,0,1258.696343,207.9248931,0,0,0,0,0,0,746.706256,0,0,0,0,0,0,0,0,0,0,0,0,0,0,0,0,0,0,0,0,0,0,511.7682455,0,0,0,0,0,0,0,0,0,0,0,0,0,0,0,0,0,0,0,0,0,0,0,0,0,0,0,0,0,0,0,0,742.6938422,0,0,0,0,0,866.7134482,0,0,0,0,0,467.7215129,0,0,0,0,0,0,0,0,0,0,354.5146946,0,0,0,0,0,0,0,0,0,0,0,0,0,0,0,0,0,0,0,0,0,0,0,0,0,0,0,0,0,0,0,0,0,0,0,0,0,0,0,0,348.4690756,206.1920618,0,0,0,0,0,0,0,0,0,0,0,0,0,0,0,0,0,0,0,0,0,0,0,0,0,0
39,3823.122166,3242.943548,2509.514729,2074.018162,2390.843893,2264.082873,1147.557344,0,740.3319642,0,0,2289.560278,0,2229.961121,0,3329.88053,1742.07718,0,0,1070.668541,0,787.9146976,797.4786174,0,0,0,0,0,1486.683288,0,0,0,0,0,0,0,0,0,0,0,0,0,0,0,0,0,0,0,0,0,0,0,0,0,0,0,0,0,0,0,0,0,0,0,0,0,0,0,0,0,0,0,0,0,0,0,0,0,0,0,0,0,0,967.5902733,0,1183.799648,0,0,0,0,0,0,0,270.7821515,529.0264381,0,278.227728,0,0,517.4917993,0,0,0,0,0,0,0,0,0,0,0,0,0,0,0,0,658.7259991,0,0,0,0,0,0,0,0,0,0,0,0,0,0,472.2271416,0,0,0,0,0,0,0,0,0,0,0,0,0,0,0,0,0,0,0,0,0,0,0,0,0,0,0,0,0,319.286398,0,0,0,0,0,0,0,0,0,0,0,0,0,0,0,0,0,0,0,0,0,0,0,0,0,0,0,288.5275603,0,0,0,0,0,0,0,0,0,0,0,0,0
40,3439.647321,4284.442984,2034.423792,2817.694551,0,1938.161525,1655.533897,2248.547918,1361.525192,3275.14821,1725.912255,1654.875748,720.9629501,1998.608586,0,0,0,0,0,0,0,0,0,0,0,0,0,1893.402365,0,0,0,0,0,1850.391288,0,1154.835432,0,0,0,0,1363.106957,0,0,0,0,0,0,0,0,0,0,0,0,0,0,769.8487041,0,0,0,0,0,0,0,443.6194713,0,0,0,0,0,0,0,0,0,0,0,0,0,0,0,0,0,460.8311229,0,0,0,0,0,0,0,0,0,0,0,0,0,0,0,317.7921667,0,0,139.4488366,310.1766807,0,0,0,0,0,0,0,0,0,0,0,0,795.5321219,0,0,0,0,0,0,182.9110911,0,0,0,0,0,0,0,0,0,0,0,0,0,0,0,0,0,0,0,0,0,0,0,0,0,0,0,0,0,0,0,0,0,0,0,0,0,0,0,0,0,0,0,0,0,0,0,0,0,0,0,0,0,0,0,0,0,0,0,0,0,0,0,0,0,0,0,0,303.0738228,0,0,0,0,0,0,0,0,0,0,0,0
41,4743.215066,2605.153853,0,2869.356649,1855.15993,1682.761008,1158.268775,0,0,0,2997.918826,1749.853483,1537.951106,0,2141.394393,803.0939119,0,0,900.0497409,0,0,0,0,0,0,1015.554956,1585.112798,0,2222.488977,0,1875.525545,0,0,0,0,0,0,0,0,0,0,0,694.066189,0,0,0,0,225.3667662,0,0,0,0,0,0,0,0,0,0,0,0,0,549.4939508,0,0,0,0,0,0,0,0,0,0,0,0,0,410.9537802,0,0,0,0,0,0,0,0,0,0,0,0,0,0,0,0,0,0,0,0,0,0,0,0,0,0,0,0,0,0,0,0,0,0,0,0,0,0,0,0,0,0,0,0,0,0,0,0,0,0,0,0,0,0,0,0,0,0,0,703.7742049,0,0,712.6881849,0,306.5669196,0,0,0,0,0,0,0,0,0,0,0,0,0,0,0,0,0,0,0,0,166.78329,0,0,0,0,0,0,0,0,0,0,224.6011961,0,0,0,0,0,0,0,0,0,0,0,0,0,0,0,0,0,0,0,0,0,0,0,0,0,0,0,0,0,0
42,3754.380025,3844.37804,2566.351492,2187.113385,0,2564.834918,0,1571.312974,1093.002507,1260.185857,1257.229928,2163.660735,1463.325584,0,0,0,2674.635728,0,0,0,0,0,0,0,0,1957.319555,0,0,0,0,0,1911.591465,0,0,0,0,931.3138586,0,0,0,0,1143.614718,0,0,0,316.1301007,0,0,0,1268.934729,0,619.082546,0,0,0,0,0,0,0,0,0,0,0,0,0,0,0,0,0,424.3385888,384.9971455,0,0,0,0,0,0,0,0,0,0,0,0,0,0,0,0,0,0,0,0,0,0,0,0,0,0,562.8480625,0,0,0,0,0,0,0,0,0,0,0,0,0,0,0,0,0,0,0,0,0,0,0,0,0,0,0,0,0,0,0,0,0,0,0,0,0,0,0,0,0,0,0,0,0,0,0,0,0,0,0,0,0,0,0,0,0,1137.40048,0,0,0,0,0,0,0,0,0,0,0,0,0,0,0,0,0,0,0,0,0,0,0,0,0,0,0,0,0,0,0,372.8219027,0,0,0,0,0,0,0,0,0,0,0,0,0,0,0
43,3809.106625,2788.149471,2686.503677,3774.621441,0,0,0,2251.921155,2221.334066,1784.475677,0,0,2435.337149,723.5464472,1318.620092,0,0,0,3029.00779,2132.518635,0,0,876.3727714,0,0,0,0,1760.565287,401.1497627,0,0,0,0,0,0,0,0,0,0,0,0,0,0,0,0,0,0,0,0,0,0,0,0,781.1747935,409.2482046,0,0,0,0,0,0,0,0,0,0,0,0,0,0,0,0,0,0,0,0,0,0,0,0,0,0,0,0,0,0,0,0,0,0,0,0,0,0,0,0,0,0,0,0,0,0,0,0,0,0,0,0,0,0,0,0,0,0,0,0,653.2932092,0,0,0,0,0,0,0,0,0,0,0,0,0,0,0,0,0,0,0,0,0,0,0,0,0,0,0,0,0,0,0,0,0,0,0,0,0,0,0,0,0,0,0,0,0,0,451.8089456,0,0,242.1374183,0,0,0,0,0,0,0,0,0,0,0,0,0,0,0,0,0,0,0,0,0,0,0,0,0,0,0,0,0,0,0,0,0,0,0,376.0146873,0
44,3415.407423,3234.757232,0,3425.69337,0,3177.666562,1406.616107,0,2301.68889,0,0,2462.506225,2195.931968,0,0,0,0,2489.3266,2111.326685,0,0,0,0,0,0,0,0,0,0,0,0,0,0,2094.961736,0,0,928.7281004,0,0,0,0,0,944.7035344,0,518.346915,0,0,0,0,0,0,0,0,0,761.4307821,0,0,0,0,0,0,0,0,0,0,805.0735099,0,0,513.9964327,0,0,0,0,0,0,0,0,0,0,0,0,0,0,0,0,0,0,0,419.5390766,0,0,0,0,0,0,0,0,0,0,0,0,0,0,0,373.341372,0,0,0,0,0,0,0,0,0,0,631.2568848,0,0,0,0,0,0,0,354.7159709,0,0,0,0,0,0,0,0,0,0,0,0,0,0,0,0,0,0,0,0,0,0,0,0,0,0,0,0,0,0,0,0,0,0,0,0,0,0,0,0,0,0,0,0,0,0,0,0,0,0,0,0,0,0,0,0,263.1522681,0,0,0,0,0,0,0,0,0,0,0,0,0,0,0,0,0,0,0,0,0,0
45,4485.183165,2648.796336,0,0,3083.382223,1603.132101,1648.750901,0,0,1181.375506,1985.130743,1415.293725,0,0,2175.261017,0,2464.527826,844.6294356,0,0,0,0,0,0,621.2049982,0,1413.48892,0,0,0,0,0,0,0,0,0,321.4882445,0,0,0,0,0,0,0,0,0,0,0,0,356.6331145,777.1593347,0,0,0,0,0,0,0,0,0,0,0,0,0,0,0,474.500373,507.4104362,0,0,0,0,0,0,0,0,0,0,0,0,0,0,0,0,0,575.2026614,0,280.355087,0,0,0,0,0,0,0,0,0,0,613.8403294,0,0,0,0,0,0,0,0,0,0,0,0,0,0,0,0,0,0,0,0,0,0,0,0,0,0,191.2973139,0,0,491.7836393,0,1016.065265,0,309.8927907,0,0,0,0,0,0,0,0,0,0,0,0,0,412.5223849,0,375.9701781,0,0,0,0,0,0,0,0,0,0,0,0,0,0,0,0,0,0,0,0,0,0,0,0,0,0,0,0,0,0,0,0,0,0,0,0,0,0,0,0,0,0,0,0,0,0,0,0,0,0,361.9251097,0,0,0
46,4431.65025,3207.170227,0,3186.294616,0,1977.09513,1502.729382,0,951.4438297,1504.006894,1327.071214,875.9238924,2034.503181,1481.107313,0,864.4062355,0,2196.74228,0,0,1498.309647,1525.310901,0,1025.076918,0,0,1739.902343,1176.100108,0,0,0,0,0,0,0,0,0,0,939.6661212,0,0,0,0,0,0,0,0,0,0,0,0,0,456.6884336,0,0,0,0,0,0,0,469.0681504,0,0,0,0,0,0,0,441.0366651,0,0,0,0,0,0,0,0,0,0,0,0,0,0,301.5035471,0,0,0,201.3375564,0,0,0,0,453.6086294,0,0,0,0,0,0,0,0,0,361.7665408,0,0,0,0,0,0,0,0,0,0,0,448.4991429,0,0,0,0,0,0,0,0,0,0,0,0,0,0,0,0,0,0,0,0,0,0,0,0,0,0,0,417.9281901,0,0,0,0,0,362.63308,0,0,0,0,0,0,0,0,0,0,0,0,0,0,0,0,0,0,0,0,0,172.298981,0,0,0,0,0,0,0,0,0,0,0,0,0,0,0,0,0,0,0,0,0,0,0,0,0,0,0,0,0,0,0,0
47,4567.403057,2368.673676,0,3363.205019,2236.569649,2079.432537,705.2613763,1121.214613,0,1457.666151,0,1787.356376,0,0,0,3110.203262,2398.798106,979.5795222,0,0,0,0,0,1303.993666,0,1821.285005,0,0,0,0,0,0,0,0,0,0,0,0,0,0,0,0,0,0,0,0,0,0,0,0,0,0,0,0,0,0,0,0,0,963.5320571,0,0,1060.925702,0,0,0,0,0,0,0,0,0,0,0,0,240.3699711,737.834151,0,0,0,0,0,0,0,0,0,0,0,0,0,0,0,0,604.0611924,0,0,0,0,0,0,0,0,296.647177,0,436.3378126,0,0,0,0,0,0,0,0,0,0,0,0,625.8575606,0,0,0,0,0,0,0,472.8733784,0,0,0,0,0,236.2014887,161.4207892,219.7201523,0,0,0,0,0,0,0,0,0,0,0,0,0,0,0,0,0,0,0,0,0,0,0,0,0,0,0,0,0,0,0,0,0,0,0,0,0,0,0,0,0,0,0,0,0,0,0,0,0,0,530.113023,0,0,0,0,0,0,0,0,0,0,0,0,0,0,0,0,0,0
48,5203.810035,3118.685484,1624.85005,2838.183828,2004.592804,1955.034826,0,0,0,2544.155857,2390.053989,0,0,1096.852701,1875.298298,0,3468.722699,1198.674679,1286.87664,1273.277718,0,728.0684793,0,0,0,0,0,0,0,0,0,0,0,0,1164.892212,1472.471644,0,0,0,0,0,1546.480842,0,0,0,0,0,0,555.674033,0,0,0,0,0,602.7843931,0,0,0,0,0,0,0,0,0,0,0,0,0,0,0,0,0,0,0,0,0,0,0,0,0,0,0,250.4270594,0,0,0,0,0,0,0,0,0,0,0,0,0,0,0,0,0,0,0,0,0,0,0,0,0,0,0,0,0,0,0,0,0,0,0,0,0,0,0,0,0,0,0,0,0,0,0,206.7147475,0,0,0,0,0,0,0,0,0,0,0,0,0,0,0,0,0,0,0,0,0,0,0,0,1635.019235,600.7307623,0,0,0,0,0,0,0,0,0,0,0,0,0,0,0,0,0,0,0,0,0,0,0,0,0,0,0,0,0,0,0,0,0,0,0,0,0,0,0,0,0,0,0,0,0,0
49,4535.863521,2543.621697,2367.316873,1169.994848,1985.950307,0,2356.015773,1631.608055,1022.432104,1598.071103,1036.479471,0,0,0,1957.643167,1603.684276,0,0,0,0,0,1290.107268,0,0,1253.08391,0,0,1429.296792,0,0,0,0,0,0,0,0,0,0,0,0,0,0,0,0,0,652.072131,218.7486134,480.1120257,0,0,0,317.0984761,0,0,0,0,0,0,0,0,0,0,0,0,0,0,0,0,0,0,0,0,0,0,0,0,0,0,0,0,0,0,286.175795,0,0,0,0,0,0,0,0,0,0,0,0,684.0970021,369.4585573,0,0,0,0,0,0,129.1287318,0,0,0,0,0,0,0,0,478.8892843,0,0,0,0,0,0,0,0,0,0,0,0,0,0,0,0,0,0,0,0,0,0,0,0,0,0,0,0,0,0,0,0,0,0,0,0,0,0,0,0,0,0,0,0,0,0,0,0,0,321.4848024,0,0,0,0,0,0,0,0,0,345.060639,0,0,0,0,0,0,157.8991106,0,0,0,0,0,0,0,0,0,0,0,0,0,0,0,0,0,0,0,0,0,0,0
50,5287.0245,2563.749752,2516.808841,683.6705472,1918.187363,0,2271.828863,0,1452.76494,0,1581.755452,1254.588212,2152.366909,0,1666.978829,1900.340752,2051.311508,0,0,0,0,1381.713945,2009.57301,0,1320.140473,0,936.3903292,1285.275926,920.491592,0,652.0950771,0,0,0,0,946.1083521,0,0,0,500.3561012,0,0,0,0,0,0,0,0,0,0,0,0,0,0,0,0,0,0,0,0,0,0,0,0,0,0,0,0,0,0,0,0,0,0,739.2218472,0,0,0,0,558.2919721,0,0,0,0,0,0,0,0,0,0,0,0,0,0,0,0,0,0,0,0,0,0,0,0,0,0,0,0,0,0,0,0,0,0,0,0,0,0,0,0,0,0,0,0,0,0,0,0,0,0,0,0,0,0,0,0,0,0,0,0,0,0,0,0,0,702.958089,0,0,0,0,0,0,0,0,0,0,0,0,0,0,0,0,492.8583085,0,0,0,0,0,0,0,0,0,0,0,0,0,0,0,0,0,0,0,0,0,0,0,524.1226026,0,0,0,0,0,0,0,0,0,0,0,0,0,0,0,0
51,0,2615.010846,3102.980086,0,3617.662945,1532.415177,710.0961898,1120.012396,970.6413685,0,0,0,0,0,3336.900388,2656.626399,1306.765291,0,0,0,0,0,506.3341992,1036.872966,0,1207.511167,0,0,0,0,0,0,0,0,0,0,0,0,0,0,0,0,0,0,0,0,0,0,0,0,0,0,0,0,0,0,0,0,0,0,0,0,0,0,0,0,0,0,0,0,0,0,0,0,1171.575012,0,0,0,0,0,0,0,0,0,0,672.2555816,0,0,0,0,0,444.6176306,0,0,0,0,0,379.9930992,555.3927027,0,0,0,0,0,0,0,0,0,0,0,0,928.1129138,0,0,0,0,0,0,0,0,0,0,0,0,0,0,0,0,0,0,0,0,0,0,0,0,316.596515,0,0,0,0,0,0,0,0,0,0,0,0,0,0,0,0,0,0,0,0,0,0,0,0,0,0,0,0,0,0,0,0,0,0,0,0,0,73.08810334,0,0,0,0,0,0,0,0,0,0,0,253.1295755,0,0,0,0,0,0,0,0,255.4262913,0,0,0,0,0,0,0
52,3547.051459,3535.400068,0,3823.594458,2122.061796,1629.901395,2547.117392,1069.088061,0,1784.043152,0,1450.548347,1489.474902,0,0,2198.748162,2223.615934,0,0,581.8995062,1397.838174,0,0,1233.20499,0,0,0,1263.354636,0,0,0,0,0,0,0,0,0,0,0,0,0,0,0,0,0,0,0,0,0,0,0,0,0,0,0,0,0,577.4825894,0,0,0,0,0,0,0,0,0,0,0,0,0,0,0,0,0,0,0,0,0,0,0,0,0,1102.499526,0,0,0,0,0,0,0,0,0,678.8416867,0,249.6041871,0,0,0,0,0,0,0,0,0,0,0,0,0,0,0,0,0,0,0,0,0,0,0,474.5874012,0,0,0,0,0,0,0,0,0,0,0,0,0,0,0,0,0,0,0,0,0,405.6947305,0,0,0,0,0,0,0,0,0,0,0,0,0,0,0,0,0,0,0,0,0,0,0,0,0,0,0,0,0,0,0,0,0,0,0,0,0,0,0,0,0,0,0,0,0,0,0,0,0,0,0,0,0,0,0,0,0,0,0,0,0
53,3897.439298,3015.493982,2538.461849,1716.862457,0,1910.669043,666.3552774,0,807.7846353,2063.902782,0,0,1889.431152,1732.735283,2257.851375,0,0,0,0,0,0,0,0,1553.925834,0,2184.71188,0,0,0,0,1428.65278,0,0,0,0,0,0,1001.8944,0,658.0323187,0,0,518.8064434,0,0,0,0,0,0,1292.385584,0,0,522.7952375,0,0,0,0,0,0,0,0,0,0,0,0,0,0,138.3619709,0,0,0,0,0,0,0,0,0,0,0,0,0,0,0,0,0,0,0,0,0,0,0,0,0,0,0,0,0,0,0,0,0,0,0,0,0,0,0,0,0,500.0053118,0,0,0,0,0,0,0,0,0,0,0,0,0,0,0,395.5000754,0,0,0,0,0,0,0,0,0,0,0,0,0,0,0,0,0,0,0,0,0,0,0,0,0,0,0,0,0,0,0,0,0,0,0,0,0,0,0,0,0,0,0,0,0,0,0,0,0,0,0,0,0,0,0,0,0,0,0,323.9723604,933.3130733,0,0,0,0,0,0,0,0,0,0,0,0,0,0,0,0
54,4620.931344,3219.103175,2533.456426,2664.941554,406.3319713,1905.238138,743.6354229,543.6698553,0,0,0,1829.775023,0,2031.654616,1908.871794,0,0,0,0,1821.232371,1207.974205,1698.174226,0,0,0,0,0,0,0,880.3307093,1026.845154,462.7386995,711.5789203,0,0,0,0,0,666.0847625,0,0,0,0,0,0,0,0,0,0,0,0,0,0,0,0,0,0,0,0,0,0,0,0,0,0,0,0,0,0,0,0,0,0,0,0,0,0,0,0,0,0,0,190.2236392,0,0,0,0,0,0,0,0,0,0,0,0,0,0,0,0,0,0,0,0,0,0,0,0,0,0,0,0,0,666.4610455,0,0,0,0,0,557.3135047,0,0,0,0,0,0,0,0,0,0,0,0,0,0,0,0,0,0,0,0,0,0,0,0,415.4736305,0,0,0,0,0,0,0,0,0,0,0,0,0,0,0,0,0,0,0,0,0,0,0,0,0,0,0,0,0,0,0,0,0,0,0,0,0,0,0,0,0,0,0,0,0,0,0,0,0,0,0,0,0,0,0,0,0,0,0
55,0,3393.609337,2334.375958,2071.847137,1535.298437,2667.76982,2635.807994,0,0,2254.915756,1923.927018,874.1221833,0,1824.091932,0,2310.580718,1113.915213,0,1007.719043,0,0,1330.171273,0,1062.109492,0,0,0,0,1383.623633,0,0,0,0,767.6066326,0,0,0,0,0,0,0,0,0,0,0,0,0,0,0,0,0,929.0655223,0,0,0,0,0,0,0,0,0,0,0,0,0,0,0,0,0,0,0,0,0,733.2259058,405.5125589,0,0,0,0,0,0,0,0,0,0,0,0,0,0,0,0,661.3393228,0,0,145.185147,0,262.5307726,0,0,0,0,0,362.2128131,0,0,0,0,0,0,0,0,0,0,0,442.6425395,0,0,0,0,0,287.287741,0,0,0,0,0,0,0,893.0742364,0,0,0,0,0,0,0,0,0,0,0,0,0,0,0,0,0,0,0,0,0,0,0,0,0,0,0,0,0,275.8330457,0,0,0,0,0,0,0,0,0,0,0,0,0,0,0,0,0,0,0,0,0,0,0,0,0,0,0,0,0,0,0,0,0,0,0,0,0,0,0,0,0,0,0,0
56,0,3851.781857,0,3635.895428,2058.706753,1198.18979,0,2444.62754,2498.546327,1702.402803,0,1305.902032,0,0,3014.577373,0,2433.930086,0,0,1874.300077,729.1817067,1235.292856,0,0,0,0,0,0,0,1419.309936,0,1357.495863,0,0,0,1193.49201,0,0,0,1326.395062,0,0,0,0,0,0,0,0,0,0,0,0,0,0,0,0,0,0,0,0,0,0,0,355.004606,0,0,0,0,0,0,0,0,328.9894386,252.2751856,0,0,0,0,0,0,0,0,0,0,0,0,0,0,0,0,0,0,0,241.3758713,0,0,351.0942397,455.7873722,0,0,0,294.0659748,0,0,0,0,0,383.5015499,0,0,0,0,0,0,0,0,0,0,0,0,0,0,0,0,0,0,0,0,0,0,0,0,0,0,0,710.3809199,0,0,0,0,0,0,0,188.6141681,0,0,0,0,0,0,0,0,0,0,0,0,0,0,0,0,0,0,0,0,0,0,0,0,0,0,0,0,0,0,0,324.44923,0,0,0,0,0,0,0,0,0,0,0,0,0,0,0,0,0,0,0,0,0,0,0,0,0,0,0
57,3995.886835,2991.184471,0,0,3071.963025,2872.353451,2334.737866,886.5450754,608.3015777,1610.746298,525.4347331,933.2566218,871.0441723,1794.893656,0,0,2483.102158,0,2258.873012,0,1954.705741,0,0,0,0,0,0,1364.733186,0,0,2137.554828,1314.224287,0,0,0,0,0,0,0,0,0,0,0,0,0,0,0,0,0,0,0,542.780385,0,0,0,0,0,0,0,0,0,0,0,804.1784719,0,0,0,0,0,322.1416595,0,0,0,0,0,0,0,0,0,0,0,226.1045246,0,0,0,0,0,0,0,459.4065271,0,0,0,0,0,0,0,0,0,0,0,0,0,547.3254875,0,0,0,324.1088938,0,107.9997983,0,0,0,0,0,0,0,0,0,0,0,0,0,0,0,0,0,0,0,0,0,0,0,0,0,0,0,0,0,0,0,0,0,0,0,0,1297.61733,0,0,0,0,0,0,0,0,0,0,0,0,0,0,0,0,0,0,0,0,0,0,0,0,0,0,312.8414966,0,0,0,196.8443329,0,0,0,0,0,0,0,0,0,0,0,0,0,0,0,0,0,0,0,0,0,0,0,0,0
58,3924.729637,2955.679229,0,2557.750867,2498.861046,0,2354.357597,1480.315984,0,1135.527853,0,1551.660272,0,0,0,0,0,0,0,2319.063175,1240.304272,1734.375901,0,1660.210222,0,0,0,0,0,793.2826231,0,1369.493625,0,0,0,0,0,0,0,0,0,0,0,1834.74903,0,0,1115.516585,0,0,0,450.0800007,0,0,0,0,0,0,0,0,0,0,0,0,0,0,0,0,0,0,0,0,0,0,0,0,0,0,0,0,0,0,0,0,0,226.3138392,0,0,0,0,0,0,0,0,0,0,0,0,0,0,0,0,0,0,0,0,0,0,0,0,0,0,0,0,0,0,0,0,0,0,0,0,0,484.256046,0,0,0,0,0,0,0,1129.485192,178.6136736,0,0,0,0,0,0,0,658.2827855,0,0,0,0,0,0,0,0,0,293.2394482,0,0,0,0,0,0,0,0,0,0,0,0,926.168016,0,0,0,0,0,0,0,0,0,0,0,0,0,0,0,0,0,0,0,0,0,0,0,0,0,0,0,0,0,0,0,0,0,0,0,0,0,0,0,0
59,3164.938514,3142.083402,2548.179825,2382.879486,1717.364018,0,0,0,3107.105809,0,3015.41049,0,2373.95437,0,1660.773323,1537.013985,2250.698214,1010.361236,1384.946529,0,0,937.0760178,0,0,1026.834699,0,0,0,0,880.9184867,0,0,0,0,0,689.0626171,0,0,0,0,0,0,0,0,0,0,0,0,0,0,0,0,0,0,0,0,0,0,0,0,0,0,0,0,0,0,0,0,0,0,0,0,0,902.3226565,0,0,0,0,0,0,0,0,0,0,0,0,0,0,0,180.7066733,0,0,0,0,0,0,0,469.9552891,0,0,0,0,0,0,0,0,0,0,0,0,0,0,0,0,0,0,0,0,0,0,0,0,0,0,0,0,0,0,0,927.7391043,0,0,0,0,0,0,457.2402347,0,0,0,0,0,0,0,0,0,0,0,0,0,0,0,0,0,0,0,0,0,0,0,0,0,0,0,0,0,0,0,0,0,0,0,0,0,0,0,0,0,0,0,0,333.8306855,0,0,0,0,0,0,0,0,0,0,0,0,0,0,0,0,0,0,0,0,0
