,0,1,2,3,4,5,6,7,8,9,10,11,12,13,14,15,16,17,18,19,20,21,22,23,24,25,26,27,28,29,30
0,-1985.6486558463557,-1990.580765085101,-1569.0995650422801,-2111.574947882506,-925.198080464322,-2441.5891019586948,-1381.718934983222,-501.79078235653424,-1483.8298893656377,-2477.869707345021,-2181.5777864781094,-2177.686551741719,-1970.325629215301,-1757.6620526639172,-1531.87266081332,-580.6265784168088,-1976.995865583866,-2492.8573454981124,-904.0718668131985,-2001.8941761341096,-1705.3239423264226,-2343.593589591939,-2478.3982077601518,-1503.4093482500389,-2262.467177282183,-2130.275438492373,-1878.754164619585,-1761.2140557962437,-751.9366529830356,-685.6566365699118,-976.385469374799
1,-1577.7047505320618,-2022.480759780215,-1573.6605724218668,-2150.688372101358,-981.7441625877107,-2127.2181610978355,-1456.8514196512801,-500.0,-1356.612105954036,-2500.0,-2197.32983274719,-1065.0780948512204,-2035.8322097363184,-1872.364009015303,-1894.631692838055,-500.0,-2403.0340341786123,-1279.338168291119,-701.3340006073832,-2500.0,-1173.0972485633993,-2298.537673514673,-2500.0,-1398.9972645567934,-1291.0597518383308,-1705.950627257124,-1846.7681435492768,-1763.6774878242936,-1556.1184552898144,-500.0,-2070.41305212158
2,-1970.7892498391755,-2148.0675485531438,-2205.412322930664,-2500.0,-500.0,-2422.433943978323,-1978.8612894587932,-500.0,-1296.2573461015697,-2500.0,-2500.0,-2168.0106894212454,-2016.7905178254,-1853.6312824230781,-1643.792525835964,-500.0,-2200.6773586597155,-2299.4927199657836,-1001.8092598546259,-2500.0,-1922.2126326218054,-2500.0,-2500.0,-1131.9835905885004,-2485.364609688876,-2312.5732682756657,-2190.4327986522653,-2202.4552699605674,-669.6715743428758,-500.0,-2301.3098127710746
3,-873.9722415644062,-2498.3825337345993,-2278.3657249851112,-2500.0,-500.0,-2500.0,-1714.0492356608765,-500.0,-1448.0640152023038,-2500.0,-2500.0,-2500.0,-2301.716188416617,-2500.0,-1846.208149219313,-500.0,-2382.199260880371,-2500.0,-885.0873605798524,-2500.0,-1990.1327618566577,-2500.0,-2500.0,-933.9033537447361,-2383.6563152203967,-2500.0,-2412.9422903573304,-2074.4836586687693,-500.0,-500.0,-2148.9264691579165
4,-694.6882924239476,-2500.0,-2500.0,-2453.8329230482495,-500.0,-2500.0,-2255.4536708938367,-500.0,-2017.8675722657013,-2500.0,-2500.0,-1107.1062772179946,-2500.0,-2500.0,-1717.0175335817783,-500.0,-2500.0,-2500.0,-681.7388586224971,-2500.0,-1838.794656987891,-2500.0,-2500.0,-782.8670027495602,-2500.0,-2500.0,-2500.0,-2500.0,-630.0576930297866,-500.0,-2500.0
5,-500.0,-2500.0,-2500.0,-1135.7247343925517,-500.0,-2500.0,-2344.8891021103373,-500.0,-2500.0,-2500.0,-2500.0,-1695.480453756888,-2500.0,-2500.0,-1767.0370418954249,-678.0557147820483,-2500.0,-2500.0,-500.0,-2500.0,-2013.0399065396257,-2500.0,-2500.0,-1105.3084010001319,-2500.0,-2500.0,-2500.0,-2500.0,-500.0,-500.0,-2500.0
6,-500.0,-2500.0,-2500.0,-1327.2334125539442,-500.0,-2414.6415012243183,-2462.1674552639347,-500.0,-2500.0,-2500.0,-2500.0,-1934.3208275851455,-2500.0,-2500.0,-1898.5112324280753,-692.4724452122105,-2500.0,-2500.0,-649.9358813349882,-2500.0,-1953.253579578981,-2500.0,-2500.0,-1251.4032858942858,-2500.0,-2500.0,-2500.0,-2500.0,-500.0,-500.0,-2500.0
7,-500.0,-2500.0,-2500.0,-500.0,-500.0,-2500.0,-2334.6683997481655,-500.0,-2500.0,-2500.0,-2500.0,-1598.815646139967,-2500.0,-2500.0,-1803.454203062482,-1024.1879220324822,-2500.0,-2500.0,-500.0,-2500.0,-2186.358705433788,-2500.0,-2500.0,-1320.9678608387235,-2500.0,-2500.0,-2500.0,-2500.0,-500.0,-896.0588659857045,-2500.0
8,-500.0,-2500.0,-2500.0,-500.0,-500.0,-2468.467069391439,-2272.2193450046366,-500.0,-2476.0082447756163,-2500.0,-2500.0,-1705.7551654740164,-2500.0,-2500.0,-2142.555740535649,-1081.965540962676,-2500.0,-2500.0,-658.203971820255,-2500.0,-2265.40374334165,-2500.0,-2500.0,-1439.4757376230982,-2500.0,-2463.5728395701876,-2416.4977391610805,-2500.0,-500.0,-999.4554793372004,-2500.0
9,-500.0,-2500.0,-2500.0,-500.0,-500.0,-2434.305273548028,-2496.264845304586,-500.0,-2500.0,-2500.0,-2500.0,-2323.997779107942,-2500.0,-2500.0,-2222.6838316910716,-2461.1079227674427,-2500.0,-2500.0,-500.0,-2500.0,-2500.0,-2500.0,-2500.0,-1460.7580483703464,-2500.0,-2500.0,-2463.0744753020444,-2500.0,-500.0,-1155.0117225210568,-2500.0
10,-500.0,-2500.0,-2500.0,-500.0,-500.0,-2423.0970087449227,-2500.0,-500.0,-2500.0,-2500.0,-2500.0,-2299.9012043104567,-2429.027957311392,-2500.0,-2367.5874040811564,-2500.0,-2500.0,-2500.0,-579.9913908407683,-2500.0,-2500.0,-2500.0,-2500.0,-1384.5883297346475,-2500.0,-2488.108458599704,-2462.4345617029917,-2500.0,-500.0,-1745.2616181457684,-2500.0
11,-500.0,-2500.0,-2500.0,-1428.2770533812188,-500.0,-2441.8761905562837,-2500.0,-500.0,-2500.0,-2500.0,-2500.0,-2484.6008724515705,-2446.6308575529324,-2500.0,-2237.80370222017,-2500.0,-2500.0,-2500.0,-1029.9458236354035,-2500.0,-2491.565591847948,-2500.0,-2500.0,-1116.772558850358,-2500.0,-2485.1216014578745,-2467.3605707924667,-2500.0,-1060.4395771814413,-1537.5952489811054,-2500.0
12,-500.0,-2500.0,-2500.0,-1115.6060938214127,-500.0,-2453.1036794059396,-2497.922190125099,-500.0,-2500.0,-2500.0,-2500.0,-2343.0293164488576,-2420.195863945519,-2500.0,-2250.9320912491085,-2500.0,-2500.0,-2500.0,-1223.1293565319538,-2500.0,-2170.6956100461707,-2500.0,-2500.0,-1424.3028139952119,-2500.0,-2495.6220905563277,-2500.0,-2500.0,-1182.163212610447,-1670.290308936036,-1656.810703790501
13,-500.0,-2500.0,-2488.3331468963925,-647.8139979781619,-500.0,-2462.5061823527913,-2500.0,-500.0,-2500.0,-2500.0,-2500.0,-1953.1073766508873,-2474.1809949973444,-2500.0,-2271.508165216668,-1745.629942828015,-2500.0,-2500.0,-2078.9256685771606,-2500.0,-2039.439919200604,-2500.0,-2500.0,-1594.7957789468999,-2500.0,-2500.0,-2491.123675151633,-2500.0,-1124.5181558483944,-1478.3681598972462,-2245.2978078787537
14,-500.0,-2500.0,-2497.831419918603,-1043.8080895594828,-500.0,-829.1162906888576,-2500.0,-500.0,-2500.0,-2500.0,-2500.0,-2229.556791277562,-2500.0,-2500.0,-2237.572968405528,-2310.693492741902,-2500.0,-2500.0,-2433.1584149766386,-2500.0,-2008.0493263455403,-2500.0,-2500.0,-1575.3426598902904,-2500.0,-2500.0,-2500.0,-2500.0,-1613.3280470227407,-1612.9079003847157,-2240.5605320744453
15,-500.0,-2500.0,-2493.0755890201576,-1308.7039051570544,-500.0,-1044.320855248861,-2500.0,-500.0,-2500.0,-2500.0,-2500.0,-2213.791039719029,-2500.0,-2500.0,-2408.7550527501226,-2214.676699018652,-2500.0,-2500.0,-2246.4607169542587,-2500.0,-1958.6164415386736,-2500.0,-2500.0,-1433.0622388632326,-2500.0,-2500.0,-2500.0,-2500.0,-2500.0,-1777.1062435228037,-2231.8572272736947
16,-500.0,-2500.0,-2439.525905962262,-1266.6946379856947,-500.0,-500.0,-2500.0,-500.0,-2500.0,-2500.0,-2500.0,-2088.7674413023033,-2500.0,-2500.0,-2289.263196682428,-2380.962280341571,-2500.0,-2500.0,-2500.0,-2500.0,-1739.9204220191139,-2500.0,-2500.0,-1335.4906932854676,-2500.0,-2500.0,-2235.756477673427,-2500.0,-1879.9005886702469,-1935.3608100681438,-1201.4472724133784
17,-500.0,-2500.0,-2500.0,-1887.5049914254641,-500.0,-500.0,-2500.0,-500.0,-2500.0,-2500.0,-2500.0,-2209.9502617870075,-2500.0,-2500.0,-2291.5724987901012,-2500.0,-2500.0,-2500.0,-2500.0,-2500.0,-1976.56001641364,-2500.0,-2500.0,-1214.2293078707216,-2500.0,-2500.0,-2320.055948630154,-2500.0,-2487.1794730714223,-2122.777450869061,-1620.6030744556242
18,-500.0,-2500.0,-2459.5193314850253,-1921.0095579083554,-500.0,-500.0,-2500.0,-500.0,-2500.0,-2500.0,-2500.0,-2424.571697250816,-2500.0,-2500.0,-2249.4595458333847,-2500.0,-2500.0,-2500.0,-2500.0,-2500.0,-1855.0863564259064,-2500.0,-2500.0,-1052.3771493375311,-2500.0,-2500.0,-2349.1469223164895,-2500.0,-2302.5359072148067,-2498.5959165016325,-1436.1558878533294
19,-500.0,-2500.0,-2500.0,-1612.4349353924868,-500.0,-500.0,-2500.0,-500.0,-2500.0,-2500.0,-2500.0,-2396.241849874791,-2500.0,-2500.0,-2113.4444822060696,-2500.0,-2500.0,-2135.3197420398938,-2500.0,-2500.0,-1558.6361048110725,-2500.0,-2500.0,-818.5182099046569,-2500.0,-2495.470955892545,-2261.6654549792806,-2500.0,-2492.863729130362,-2141.8798869655416,-1196.226329480875
20,-500.0,-2500.0,-2500.0,-1321.2934853553063,-500.0,-500.0,-2500.0,-500.0,-2500.0,-2500.0,-2500.0,-2235.536948960504,-2500.0,-2500.0,-2171.7694390303927,-2500.0,-2500.0,-2270.608623622455,-2500.0,-2500.0,-1798.2297674116337,-2500.0,-2500.0,-637.112124148176,-2500.0,-2500.0,-1958.276786434822,-2500.0,-2500.0,-2293.4880962703614,-1176.2208957825396
21,-500.0,-2500.0,-2500.0,-1188.6689094844469,-500.0,-500.0,-2500.0,-500.0,-2500.0,-2500.0,-2500.0,-2234.5980776655174,-2500.0,-2500.0,-2500.0,-2494.7260992953443,-2500.0,-2478.2512503052612,-2500.0,-2500.0,-1756.4209645685385,-2500.0,-2500.0,-1091.8106538108902,-2500.0,-2500.0,-1971.0473816790968,-2500.0,-2500.0,-2262.018702941006,-1209.07831072086
22,-500.0,-2500.0,-2500.0,-1070.280231785682,-500.0,-500.0,-2500.0,-500.0,-2500.0,-2500.0,-2500.0,-2417.391649505566,-2500.0,-2500.0,-2500.0,-2500.0,-2500.0,-2482.9858445739624,-2500.0,-2500.0,-1974.3180588470834,-2500.0,-2500.0,-950.6602069944881,-2500.0,-2500.0,-1921.7732402774036,-2500.0,-2500.0,-2379.0386278914307,-1177.9518905542427
23,-500.0,-2500.0,-2500.0,-1038.345189998954,-500.0,-500.0,-2500.0,-500.0,-2500.0,-2500.0,-2500.0,-2500.0,-2500.0,-2500.0,-2500.0,-2500.0,-2500.0,-2500.0,-2478.5415011757214,-2500.0,-2084.6377337532062,-2500.0,-2500.0,-1185.5671799196189,-2500.0,-2500.0,-1854.3002678865398,-2500.0,-2489.3823053905026,-2500.0,-1247.8294181162523
24,-500.0,-2500.0,-2500.0,-1622.9012347618927,-500.0,-500.0,-2500.0,-500.0,-2500.0,-2500.0,-2500.0,-2500.0,-2500.0,-2500.0,-2249.4138558846307,-2500.0,-2500.0,-2182.748718392919,-2484.1665855587576,-2500.0,-2095.426411170865,-2500.0,-2500.0,-1314.2284524223987,-2500.0,-2497.1435777671454,-2058.3472932893915,-2500.0,-2494.0543485536746,-2500.0,-1276.9880867749318
25,-500.0,-2500.0,-2486.8024913790387,-1925.1716724705382,-500.0,-500.0,-2500.0,-500.0,-2500.0,-2500.0,-2500.0,-2417.448156036126,-2500.0,-2500.0,-2464.116209585735,-2498.5647163101803,-2500.0,-2010.2764174761298,-2491.8492637664835,-2500.0,-1735.5050394888485,-2500.0,-2500.0,-1829.0913524775106,-2500.0,-2500.0,-2388.7826435911784,-2500.0,-2494.1878397651503,-2303.188114855988,-1254.7173647706736
26,-500.0,-2500.0,-2500.0,-2072.625869173478,-500.0,-500.0,-2500.0,-500.0,-2500.0,-2500.0,-2500.0,-2500.0,-2500.0,-2500.0,-2401.5492100669294,-2500.0,-2500.0,-1818.8592852882557,-2414.560973738728,-2500.0,-1625.1633026521877,-2500.0,-2500.0,-1965.202787187852,-2500.0,-2500.0,-2391.818461545956,-2500.0,-2500.0,-2500.0,-1298.720127882645
27,-500.0,-2500.0,-2489.5657545036415,-2367.4678263420096,-500.0,-500.0,-2500.0,-500.0,-2500.0,-2500.0,-2500.0,-2500.0,-2500.0,-2500.0,-2432.3803220892987,-2500.0,-2500.0,-1640.4152023111146,-2500.0,-2500.0,-1413.0401835190353,-2500.0,-2500.0,-1918.394213349185,-2500.0,-2497.8328319924562,-2500.0,-2500.0,-2500.0,-2212.315350457237,-758.9575174136681
28,-500.0,-2500.0,-2486.323519676417,-1786.1387365255014,-500.0,-500.0,-2500.0,-500.0,-2500.0,-2500.0,-2500.0,-2500.0,-2500.0,-2500.0,-2462.392078449423,-2500.0,-2500.0,-1567.7365645905447,-2500.0,-2500.0,-1524.5471160929887,-2500.0,-2500.0,-1734.3674888732862,-2500.0,-2500.0,-2446.1102464472474,-2500.0,-2500.0,-2500.0,-766.8311913518701
29,-500.0,-2500.0,-2500.0,-1970.7504142574214,-500.0,-500.0,-2500.0,-500.0,-2500.0,-2500.0,-2500.0,-2500.0,-2500.0,-2500.0,-2500.0,-2500.0,-2500.0,-1429.1375592753138,-2500.0,-2500.0,-1237.5784115953395,-2500.0,-2500.0,-1507.4898010339089,-2500.0,-2500.0,-2364.931321659579,-2500.0,-2500.0,-2500.0,-500.0
30,-500.0,-2500.0,-2500.0,-2411.137286244061,-500.0,-500.0,-2500.0,-500.0,-2500.0,-2500.0,-2500.0,-2500.0,-2500.0,-2500.0,-2458.2279102494895,-2500.0,-2500.0,-1573.3074209990725,-2500.0,-2500.0,-1248.013480287855,-2500.0,-2500.0,-1606.1027060080455,-2500.0,-2500.0,-2500.0,-2484.695442939667,-2500.0,-2500.0,-765.4236597399679
31,-500.0,-2500.0,-2500.0,-1942.5725442548292,-500.0,-500.0,-2500.0,-500.0,-2500.0,-2500.0,-2500.0,-2500.0,-2500.0,-2500.0,-2500.0,-2500.0,-2500.0,-1698.5790419481204,-2500.0,-2500.0,-1248.2379364294802,-2500.0,-2500.0,-1524.5773705234624,-2500.0,-2500.0,-2386.4338771116313,-2480.6869159885186,-2500.0,-2500.0,-651.3488326156355
32,-500.0,-2500.0,-2500.0,-1920.9207528145353,-500.0,-500.0,-2500.0,-500.0,-2500.0,-2500.0,-2500.0,-2500.0,-2500.0,-2500.0,-2500.0,-2500.0,-2500.0,-1081.8593743993767,-2500.0,-2500.0,-1395.4667209471836,-2500.0,-2500.0,-1583.39324379065,-2500.0,-2496.2380297666773,-2092.581301272735,-2500.0,-2499.7057456007115,-2500.0,-630.497624353101
33,-500.0,-2500.0,-2500.0,-2482.318916129177,-500.0,-500.0,-2500.0,-500.0,-2500.0,-2500.0,-2500.0,-2500.0,-2500.0,-2500.0,-2500.0,-2500.0,-2500.0,-1348.5219418402535,-2500.0,-2500.0,-1399.224368946111,-2500.0,-2500.0,-1549.3698161415437,-2500.0,-2500.0,-1928.826424660671,-2497.586251007967,-2500.0,-2455.03769104482,-537.0114945200319
34,-500.0,-2500.0,-2500.0,-1844.4094258911935,-500.0,-500.0,-2500.0,-500.0,-2500.0,-2500.0,-2500.0,-2500.0,-2500.0,-2500.0,-2500.0,-2500.0,-2500.0,-1285.5663802877339,-2500.0,-2500.0,-1239.0218913361257,-2500.0,-2500.0,-1661.0493914291972,-2500.0,-2500.0,-2500.0,-2500.0,-2500.0,-2443.387980149221,-562.586380563736
35,-500.0,-2500.0,-2500.0,-1915.6430660841618,-500.0,-500.0,-2500.0,-500.0,-2500.0,-2500.0,-2500.0,-2500.0,-2500.0,-2500.0,-2500.0,-2500.0,-2500.0,-1369.6267825159393,-2500.0,-2500.0,-1413.031162046219,-2500.0,-2500.0,-1686.613483392982,-2500.0,-2499.9689945909513,-2500.0,-2500.0,-2500.0,-2420.1739542881846,-543.299030822111
36,-500.0,-2500.0,-2494.389532552347,-1964.7288673272974,-500.0,-500.0,-2500.0,-500.0,-2500.0,-2500.0,-2500.0,-2500.0,-2500.0,-2500.0,-2463.302757978635,-2499.7068475650303,-2500.0,-1436.4439984937699,-2500.0,-2500.0,-1392.1106484337374,-2500.0,-2500.0,-1854.5836030242367,-2500.0,-2500.0,-2500.0,-2500.0,-2497.9425223625426,-2500.0,-824.7887409208276
37,-500.0,-2500.0,-2491.579448483135,-1717.209068424566,-500.0,-500.0,-2500.0,-500.0,-2500.0,-2500.0,-2500.0,-2500.0,-2500.0,-2500.0,-2459.6335093786906,-2499.626392437209,-2500.0,-1190.9943591274534,-2500.0,-2500.0,-1424.5831159230163,-2500.0,-2500.0,-2045.9654724916961,-2500.0,-2500.0,-2500.0,-2500.0,-2496.8913762715047,-2432.543424182563,-754.318084166931
38,-500.0,-2500.0,-2500.0,-2242.6272915875384,-500.0,-500.0,-2500.0,-500.0,-2500.0,-2500.0,-2500.0,-2500.0,-2500.0,-2500.0,-2453.233084958155,-2500.0,-2500.0,-1244.6345546775751,-2500.0,-2500.0,-1545.327383546322,-2500.0,-2500.0,-2021.0165330647337,-2500.0,-2499.8456192067015,-2500.0,-2500.0,-2496.017488824775,-2490.948141033741,-754.0882352079161
39,-500.0,-2500.0,-2500.0,-2369.752503866071,-500.0,-500.0,-2500.0,-500.0,-2500.0,-2500.0,-2500.0,-2500.0,-2500.0,-2500.0,-2437.0717362985183,-2500.0,-2500.0,-1066.4827767605955,-2500.0,-2500.0,-1394.6856034426737,-2500.0,-2500.0,-1898.2159679088902,-2500.0,-2497.731839875111,-2500.0,-2500.0,-2494.9194207071946,-2500.0,-528.5091579949741
40,-500.0,-2500.0,-2500.0,-2302.61031485963,-500.0,-500.0,-2500.0,-500.0,-2500.0,-2500.0,-2500.0,-2500.0,-2500.0,-2500.0,-2467.717898146021,-2500.0,-2500.0,-1332.3623442026255,-2497.551802009936,-2500.0,-1253.5243191053391,-2500.0,-2500.0,-1875.9760178844272,-2500.0,-2500.0,-2500.0,-2492.32222694104,-2500.0,-2478.6913151661684,-500.0
41,-500.0,-2500.0,-2500.0,-2079.3748266006314,-500.0,-500.0,-2500.0,-500.0,-2500.0,-2500.0,-2500.0,-2500.0,-2500.0,-2500.0,-2464.5128616594857,-2500.0,-2500.0,-1173.9484274954534,-2442.4477918071116,-2500.0,-1174.25970457136,-2500.0,-2500.0,-1869.3779591559264,-2500.0,-2500.0,-2465.3545777114327,-2495.684734679237,-2499.5863660640152,-2489.4790679939956,-632.1941215897458
42,-500.0,-2500.0,-2500.0,-1957.837499723517,-500.0,-500.0,-2500.0,-500.0,-2500.0,-2500.0,-2500.0,-2500.0,-2500.0,-2500.0,-2474.27094725513,-2500.0,-2500.0,-1205.2190775599054,-2496.6540459632347,-2500.0,-1093.1458716167592,-2500.0,-2500.0,-1822.8454652550433,-2500.0,-2499.3819558264804,-2500.0,-2493.1189915398836,-2500.0,-2336.07182379712,-527.6769549194354
43,-500.0,-2500.0,-2498.5911106299777,-2117.6237216477916,-500.0,-500.0,-2500.0,-500.0,-2500.0,-2500.0,-2500.0,-2500.0,-2500.0,-2500.0,-2500.0,-2500.0,-2500.0,-1181.8309106904785,-2500.0,-2500.0,-1098.5144099289123,-2500.0,-2500.0,-1832.7578213077272,-2500.0,-2500.0,-2498.5849140930695,-2500.0,-2500.0,-2500.0,-500.0
44,-500.0,-2500.0,-2499.7909235873512,-2018.3322507117296,-500.0,-500.0,-2500.0,-500.0,-2500.0,-2500.0,-2500.0,-2500.0,-2500.0,-2500.0,-2500.0,-2500.0,-2500.0,-1201.108426358508,-2500.0,-2500.0,-1369.175494851551,-2500.0,-2500.0,-1911.6405061711964,-2500.0,-2500.0,-2500.0,-2497.30877451391,-2500.0,-2500.0,-533.4202430501152
45,-500.0,-2500.0,-2500.0,-2040.9591387689375,-500.0,-500.0,-2500.0,-500.0,-2500.0,-2500.0,-2500.0,-2500.0,-2500.0,-2500.0,-2493.188162745108,-2500.0,-2500.0,-1332.951436228323,-2500.0,-2500.0,-1237.0779745150808,-2500.0,-2500.0,-1947.073531609402,-2500.0,-2499.4605034863707,-2500.0,-2500.0,-2500.0,-2486.701855718747,-616.4343515417885
46,-500.0,-2500.0,-2498.99274421111,-2500.0,-500.0,-500.0,-2500.0,-500.0,-2500.0,-2500.0,-2500.0,-2500.0,-2500.0,-2500.0,-2500.0,-2500.0,-2500.0,-1321.7737475032914,-2500.0,-2500.0,-1158.9943744597185,-2500.0,-2500.0,-1615.6236272715805,-2500.0,-2500.0,-2499.4519818889894,-2500.0,-2500.0,-2500.0,-611.350863351757
47,-500.0,-2500.0,-2500.0,-1769.5674146896902,-500.0,-500.0,-2500.0,-500.08146040471195,-2500.0,-2500.0,-2500.0,-2500.0,-2500.0,-2500.0,-2459.116664658196,-2500.0,-2500.0,-1250.007248921206,-2500.0,-2500.0,-1187.3303240005744,-2500.0,-2500.0,-1476.3124299910742,-2500.0,-2499.612602722433,-2475.8488827479628,-2500.0,-2500.0,-2495.938799286027,-516.5186530229945
48,-500.0,-2500.0,-2499.342112627222,-2500.0,-500.0,-500.0,-2500.0,-500.0,-2500.0,-2500.0,-2500.0,-2500.0,-2500.0,-2500.0,-2500.0,-2500.0,-2500.0,-1160.9023548350763,-2500.0,-2500.0,-1254.6751758301393,-2500.0,-2500.0,-1584.1112272363816,-2500.0,-2499.3168245902193,-2500.0,-2500.0,-2500.0,-2499.865758766417,-512.331055975525
49,-500.0,-2500.0,-2500.0,-2421.1143782274607,-500.0,-500.0,-2500.0,-500.0325963559083,-2500.0,-2500.0,-2500.0,-2500.0,-2500.0,-2500.0,-2500.0,-2500.0,-2500.0,-1323.8903222961362,-2495.7949294878304,-2500.0,-1290.2218182490087,-2500.0,-2500.0,-1544.389163122726,-2500.0,-2499.426543897094,-2500.0,-2500.0,-2500.0,-2500.0,-500.0
50,-500.0,-2500.0,-2500.0,-2500.0,-500.0,-500.0,-2500.0,-500.0,-2500.0,-2500.0,-2500.0,-2500.0,-2500.0,-2500.0,-2500.0,-2500.0,-2500.0,-1142.7020230716846,-2498.38878897278,-2500.0,-1408.3997506539695,-2500.0,-2500.0,-1566.3839576914816,-2500.0,-2500.0,-2500.0,-2499.570064407262,-2500.0,-2500.0,-500.0
51,-500.0,-2500.0,-2500.0,-2500.0,-500.0,-500.0,-2500.0,-500.0,-2500.0,-2500.0,-2500.0,-2500.0,-2500.0,-2500.0,-2494.9786495218264,-2500.0,-2500.0,-1217.0455945472709,-2496.901598367951,-2500.0,-1328.081564971918,-2500.0,-2500.0,-2041.2075557829426,-2500.0,-2499.737531524037,-2500.0,-2499.6439197389677,-2500.0,-2500.0,-500.0
52,-500.0,-2500.0,-2499.5230230455795,-2500.0,-500.0,-500.0,-2500.0,-500.0,-2500.0,-2500.0,-2500.0,-2500.0,-2500.0,-2500.0,-2500.0,-2500.0,-2500.0,-1122.0441005237521,-2500.0,-2500.0,-1309.098234324222,-2500.0,-2500.0,-1894.0585247270344,-2500.0,-2499.459294535582,-2500.0,-2499.7688374661466,-2500.0,-2499.9295974104984,-515.8199771204395
53,-500.0,-2500.0,-2499.9030125351765,-2500.0,-500.0,-500.0,-2500.0,-500.0,-2500.0,-2500.0,-2500.0,-2500.0,-2500.0,-2500.0,-2500.0,-2500.0,-2500.0,-1135.4791194403188,-2499.4359923133734,-2500.0,-1167.3446888744804,-2500.0,-2500.0,-2139.4625142332484,-2500.0,-2500.0,-2500.0,-2499.317565445796,-2500.0,-2500.0,-500.0
54,-500.0,-2500.0,-2499.853462546067,-2500.0,-500.0,-500.0,-2500.0,-500.0,-2500.0,-2500.0,-2500.0,-2500.0,-2500.0,-2500.0,-2500.0,-2500.0,-2500.0,-1092.3442727129195,-2500.0,-2500.0,-941.7009956708823,-2500.0,-2500.0,-2170.217518729897,-2500.0,-2500.0,-2500.0,-2499.0438056313396,-2500.0,-2500.0,-500.0
55,-500.0,-2500.0,-2500.0,-2500.0,-500.0,-500.0,-2500.0,-500.0,-2500.0,-2500.0,-2500.0,-2500.0,-2500.0,-2500.0,-2469.7456533840323,-2500.0,-2500.0,-946.3607903169495,-2500.0,-2500.0,-1012.9178974064049,-2500.0,-2500.0,-2209.6319042759856,-2500.0,-2500.0,-2500.0,-2500.0,-2497.183232253836,-2500.0,-500.0
56,-500.0,-2500.0,-2500.0,-2500.0,-500.0,-500.0,-2500.0,-500.0,-2500.0,-2500.0,-2500.0,-2500.0,-2500.0,-2500.0,-2474.495052009713,-2500.0,-2500.0,-943.0465493318352,-2500.0,-2500.0,-825.2511794983237,-2500.0,-2500.0,-2200.096898840178,-2500.0,-2499.8279307697558,-2499.977552819048,-2500.0,-2498.745570150483,-2500.0,-500.0
57,-500.0,-2500.0,-2500.0,-2482.1977597404734,-500.0,-500.0,-2500.0,-500.0,-2500.0,-2500.0,-2500.0,-2500.0,-2500.0,-2500.0,-2500.0,-2500.0,-2500.0,-877.0204188335731,-2500.0,-2500.0,-1127.6217252233453,-2500.0,-2500.0,-2059.3385054176606,-2500.0,-2499.713801160969,-2500.0,-2500.0,-2500.0,-2500.0,-500.0
58,-500.0,-2500.0,-2497.267647076001,-2489.047828415752,-500.0,-500.0,-2500.0,-500.0,-2500.0,-2500.0,-2500.0,-2500.0,-2500.0,-2500.0,-2500.0,-2500.0,-2500.0,-1307.199953128706,-2500.0,-2500.0,-1179.19277553507,-2500.0,-2500.0,-2240.7796683891816,-2500.0,-2499.5701691401005,-2500.0,-2500.0,-2500.0,-2460.52799047836,-988.3614611378244
59,-500.0,-2500.0,-2499.966239339198,-2500.0,-500.0,-500.0,-2500.0,-500.0,-2500.0,-2500.0,-2500.0,-2500.0,-2500.0,-2500.0,-2500.0,-2500.0,-2500.0,-1327.7717053368092,-2500.0,-2500.0,-1495.3327329019758,-2500.0,-2500.0,-1969.2147801469646,-2500.0,-2499.7986953134778,-2500.0,-2491.946013754452,-2500.0,-2500.0,-915.1905000631195
60,-500.0,-2500.0,-2500.0,-2500.0,-500.0,-500.0,-2500.0,-500.0,-2500.0,-2500.0,-2500.0,-2500.0,-2500.0,-2500.0,-2500.0,-2500.0,-2500.0,-1215.541266141504,-2500.0,-2500.0,-1437.2918883025914,-2500.0,-2500.0,-2197.845798268585,-2500.0,-2500.0,-2500.0,-2500.0,-2500.0,-2500.0,-921.7291289410055
61,-500.0,-2500.0,-2500.0,-2500.0,-500.0,-500.0,-2500.0,-500.0,-2500.0,-2500.0,-2500.0,-2500.0,-2500.0,-2500.0,-2500.0,-2500.0,-2500.0,-1229.8143019209106,-2500.0,-2500.0,-1527.3900136359084,-2500.0,-2500.0,-2121.209171548598,-2500.0,-2500.0,-2500.0,-2500.0,-2500.0,-2500.0,-591.971489750557
62,-500.0,-2500.0,-2500.0,-2500.0,-500.0,-500.0,-2500.0,-500.0,-2500.0,-2500.0,-2500.0,-2500.0,-2500.0,-2500.0,-2500.0,-2500.0,-2500.0,-1206.159203789969,-2500.0,-2500.0,-1199.8556284964616,-2500.0,-2500.0,-2248.7593611298475,-2500.0,-2499.8929575750954,-2500.0,-2500.0,-2500.0,-2500.0,-672.6446524455589
63,-500.0,-2500.0,-2500.0,-2263.3008845201284,-500.0,-500.0,-2500.0,-500.0,-2500.0,-2500.0,-2500.0,-2500.0,-2500.0,-2500.0,-2500.0,-2500.0,-2500.0,-1199.8480481791116,-2500.0,-2500.0,-1203.2143799944045,-2500.0,-2500.0,-1920.7692121202247,-2500.0,-2500.0,-2500.0,-2497.023775941086,-2500.0,-2500.0,-500.0
64,-500.0,-2500.0,-2500.0,-2342.4789772930185,-500.0,-500.0,-2500.0,-500.0,-2500.0,-2500.0,-2500.0,-2500.0,-2500.0,-2500.0,-2376.7775249445986,-2500.0,-2500.0,-1287.4811631067523,-2500.0,-2500.0,-1107.0276255664344,-2500.0,-2500.0,-1787.7783479488578,-2500.0,-2499.8783161217048,-2500.0,-2497.9545354514025,-2485.0076814737736,-2500.0,-532.5021092535075
65,-500.0,-2500.0,-2500.0,-2500.0,-500.0,-500.0,-2500.0,-500.0,-2500.0,-2500.0,-2500.0,-2500.0,-2500.0,-2500.0,-2346.770631243096,-2500.0,-2500.0,-1255.106540808959,-2500.0,-2500.0,-893.2447350759961,-2500.0,-2500.0,-1874.4420271391434,-2500.0,-2500.0,-2500.0,-2499.2450823639847,-2500.0,-2500.0,-500.0
66,-500.0,-2500.0,-2500.0,-2500.0,-500.0,-500.0,-2500.0,-500.0,-2500.0,-2500.0,-2500.0,-2500.0,-2500.0,-2500.0,-2345.9867945783417,-2500.0,-2500.0,-1299.059588679342,-2500.0,-2500.0,-779.6719165414784,-2500.0,-2500.0,-1899.9051146005413,-2500.0,-2500.0,-2430.522447296922,-2500.0,-2490.7651618130444,-2500.0,-684.7027813765633
67,-500.0,-2500.0,-2500.0,-2500.0,-500.0,-500.0,-2500.0,-500.0,-2500.0,-2500.0,-2500.0,-2500.0,-2500.0,-2500.0,-2442.8995451021888,-2500.0,-2500.0,-1283.057188835457,-2500.0,-2500.0,-819.9444516446566,-2500.0,-2500.0,-2177.856844389421,-2500.0,-2500.0,-2500.0,-2500.0,-2500.0,-2500.0,-601.4037316158712
68,-500.0,-2500.0,-2499.848822036075,-2500.0,-500.0,-500.0,-2500.0,-500.0,-2500.0,-2500.0,-2500.0,-2500.0,-2500.0,-2500.0,-2449.7572874720086,-2500.0,-2500.0,-1159.6877478984761,-2500.0,-2500.0,-1046.6133790451245,-2500.0,-2500.0,-2171.265883848126,-2500.0,-2500.0,-2499.804411809876,-2500.0,-2500.0,-2488.9294697813466,-668.9996265347589
69,-500.0,-2500.0,-2500.0,-2372.551607441062,-500.0,-500.0,-2500.0,-500.0,-2500.0,-2500.0,-2500.0,-2500.0,-2500.0,-2500.0,-2438.505333219744,-2500.0,-2500.0,-1259.987710613085,-2499.789257388636,-2500.0,-995.8893181957679,-2500.0,-2500.0,-2138.8907147333384,-2500.0,-2500.0,-2500.0,-2500.0,-2500.0,-2500.0,-638.3003181189981
70,-500.0,-2500.0,-2499.97639672213,-2500.0,-500.0,-500.0,-2500.0,-500.0,-2500.0,-2500.0,-2500.0,-2500.0,-2500.0,-2500.0,-2424.7087533696904,-2500.0,-2500.0,-1183.0961528914218,-2499.804307007949,-2500.0,-929.4441934071604,-2500.0,-2500.0,-2170.165994888345,-2500.0,-2500.0,-2500.0,-2500.0,-2500.0,-2500.0,-656.9421140796198
71,-500.0,-2500.0,-2500.0,-2484.137118353008,-500.0,-500.0,-2500.0,-500.0,-2500.0,-2500.0,-2500.0,-2500.0,-2500.0,-2500.0,-2399.4428827662537,-2500.0,-2500.0,-1229.0047519235968,-2499.768780921722,-2500.0,-1043.1537188173088,-2500.0,-2500.0,-2064.7176913543417,-2500.0,-2500.0,-2500.0,-2500.0,-2500.0,-2500.0,-709.2448806768269
72,-500.0,-2500.0,-2500.0,-2500.0,-500.0,-500.0,-2500.0,-500.0,-2500.0,-2491.820836785037,-2500.0,-2500.0,-2500.0,-2500.0,-2425.5665010144735,-2500.0,-2500.0,-1057.2847901729162,-2499.7388551204767,-2500.0,-994.941196113196,-2500.0,-2500.0,-2190.66206618945,-2500.0,-2500.0,-2500.0,-2500.0,-2500.0,-2500.0,-726.0994072646185
73,-500.0,-2500.0,-2500.0,-2500.0,-500.0,-500.0,-2500.0,-500.0,-2500.0,-2493.223800499951,-2500.0,-2500.0,-2500.0,-2500.0,-2397.5319467883564,-2500.0,-2500.0,-1009.7831483122607,-2499.766864131869,-2500.0,-991.4677150312914,-2500.0,-2500.0,-2228.4805229453627,-2500.0,-2500.0,-2500.0,-2500.0,-2500.0,-2500.0,-732.636048070144
74,-500.0,-2500.0,-2500.0,-2500.0,-500.0,-500.0,-2500.0,-500.0,-2500.0,-2500.0,-2500.0,-2500.0,-2500.0,-2500.0,-2441.1589578513617,-2500.0,-2500.0,-1013.5069508586944,-2499.740182640649,-2500.0,-869.900573295442,-2500.0,-2500.0,-2206.8966908479006,-2500.0,-2500.0,-2500.0,-2500.0,-2500.0,-2500.0,-500.0
75,-500.0,-2500.0,-2500.0,-2500.0,-500.0,-500.0,-2500.0,-500.0,-2500.0,-2500.0,-2500.0,-2500.0,-2500.0,-2500.0,-2500.0,-2500.0,-2500.0,-1150.8002770074422,-2500.0,-2500.0,-1068.8587794043033,-2500.0,-2500.0,-2009.113528378241,-2500.0,-2500.0,-2500.0,-2500.0,-2500.0,-2500.0,-500.0
76,-500.0,-2500.0,-2500.0,-2500.0,-500.0,-500.0,-2500.0,-500.0,-2500.0,-2500.0,-2500.0,-2500.0,-2500.0,-2500.0,-2500.0,-2500.0,-2500.0,-937.8484740277661,-2500.0,-2500.0,-1011.3612233464123,-2500.0,-2500.0,-2268.6641864500584,-2500.0,-2500.0,-2500.0,-2500.0,-2500.0,-2500.0,-500.0
77,-500.0,-2500.0,-2500.0,-2352.1185234190148,-500.0,-500.0,-2500.0,-500.0,-2500.0,-2500.0,-2500.0,-2500.0,-2500.0,-2500.0,-2500.0,-2500.0,-2500.0,-1203.2972663292726,-2500.0,-2500.0,-1131.1740974029392,-2500.0,-2500.0,-1985.6222592342508,-2500.0,-2500.0,-2500.0,-2500.0,-2500.0,-2500.0,-660.1202718544619
78,-500.0,-2500.0,-2500.0,-2344.140574887295,-500.0,-500.0,-2500.0,-500.0,-2500.0,-2497.389978531782,-2500.0,-2500.0,-2500.0,-2500.0,-2408.0018363018444,-2500.0,-2500.0,-1136.8986775733956,-2500.0,-2500.0,-1122.78575567554,-2500.0,-2500.0,-2149.623160555717,-2500.0,-2500.0,-2500.0,-2500.0,-2500.0,-2497.373834789576,-779.7024272757751
79,-500.0,-2500.0,-2500.0,-2500.0,-500.0,-500.0,-2500.0,-500.0,-2500.0,-2499.738275567994,-2500.0,-2500.0,-2500.0,-2500.0,-2479.3436792636126,-2500.0,-2500.0,-1124.1293518255127,-2499.7180350263266,-2500.0,-926.2334604091167,-2500.0,-2500.0,-2190.186491875308,-2500.0,-2500.0,-2500.0,-2500.0,-2500.0,-2496.5988259204655,-664.1621822024691
80,-500.0683817140219,-2500.0,-2500.0,-2500.0,-500.0,-500.0,-2500.0,-500.0,-2500.0,-2500.0,-2500.0,-2500.0,-2500.0,-2500.0,-2478.126587414154,-2500.0,-2500.0,-1057.6876622061982,-2500.0,-2500.0,-985.5403070925881,-2500.0,-2500.0,-2108.6396397831522,-2500.0,-2500.0,-2500.0,-2500.0,-2497.1137190880577,-2500.0,-605.3801355748628
81,-500.0009993138496,-2500.0,-2500.0,-2500.0,-500.0,-500.0,-2500.0,-500.0,-2500.0,-2499.9017028577596,-2500.0,-2500.0,-2500.0,-2500.0,-2495.507831879696,-2500.0,-2500.0,-1057.270350456311,-2500.0,-2500.0,-1206.741027559974,-2500.0,-2500.0,-1986.6890930811994,-2500.0,-2500.0,-2500.0,-2500.0,-2500.0,-2500.0,-621.5616714985392
82,-500.0,-2500.0,-2500.0,-2486.2207145998473,-500.0,-500.0,-2500.0,-500.0,-2500.0,-2500.0,-2500.0,-2500.0,-2500.0,-2500.0,-2500.0,-2500.0,-2500.0,-1139.169589810784,-2500.0,-2500.0,-1067.6241301788484,-2500.0,-2500.0,-1926.025861460087,-2500.0,-2500.0,-2500.0,-2500.0,-2500.0,-2500.0,-549.3437738442417
83,-500.0,-2500.0,-2500.0,-2500.0,-500.0,-500.0,-2500.0,-500.0,-2500.0,-2500.0,-2500.0,-2500.0,-2500.0,-2500.0,-2500.0,-2500.0,-2500.0,-1121.8090411631415,-2500.0,-2500.0,-1161.077602322928,-2500.0,-2500.0,-1914.2783076483431,-2500.0,-2500.0,-2500.0,-2500.0,-2500.0,-2500.0,-600.3051832085191
84,-500.0,-2500.0,-2500.0,-2500.0,-500.0,-500.0,-2500.0,-500.0,-2500.0,-2500.0,-2500.0,-2500.0,-2500.0,-2500.0,-2500.0,-2500.0,-2500.0,-1152.5309606850574,-2499.7277266424603,-2500.0,-1062.1477591012151,-2500.0,-2500.0,-2030.7020297324354,-2500.0,-2500.0,-2500.0,-2500.0,-2500.0,-2500.0,-566.2389464131957
85,-500.0,-2500.0,-2500.0,-2500.0,-500.0,-500.0,-2500.0,-500.0,-2500.0,-2500.0,-2500.0,-2500.0,-2500.0,-2500.0,-2500.0,-2500.0,-2500.0,-1152.950411777444,-2500.0,-2500.0,-959.7471707871761,-2500.0,-2500.0,-2222.386680053248,-2500.0,-2500.0,-2500.0,-2500.0,-2500.0,-2498.8355493337363,-637.3857514726833
86,-500.0,-2500.0,-2500.0,-2500.0,-500.0,-500.0,-2500.0,-500.0,-2500.0,-2500.0,-2500.0,-2500.0,-2500.0,-2500.0,-2500.0,-2500.0,-2500.0,-1200.894876644911,-2500.0,-2500.0,-1022.6444830676772,-2500.0,-2500.0,-2328.760670483411,-2500.0,-2499.9848102417695,-2500.0,-2500.0,-2500.0,-2499.3871033395712,-657.981257559313
87,-500.0,-2500.0,-2500.0,-2500.0,-500.0,-500.0,-2500.0,-500.0,-2500.0,-2500.0,-2500.0,-2500.0,-2500.0,-2500.0,-2433.8353012433213,-2500.0,-2500.0,-1177.9662667286836,-2500.0,-2500.0,-748.2515997594095,-2500.0,-2500.0,-2365.4575639632108,-2500.0,-2500.0,-2500.0,-2500.0,-2500.0,-2500.0,-590.610000763147
88,-500.0,-2500.0,-2500.0,-2500.0,-500.0,-500.0,-2500.0,-500.0,-2500.0,-2500.0,-2500.0,-2500.0,-2500.0,-2500.0,-2383.483660274203,-2500.0,-2500.0,-1237.4941574830711,-2500.0,-2500.0,-878.6064787044412,-2500.0,-2500.0,-2084.4311377542717,-2500.0,-2500.0,-2500.0,-2500.0,-2500.0,-2500.0,-586.8981575964963
89,-500.0,-2500.0,-2500.0,-2500.0,-500.0,-500.0,-2500.0,-500.0,-2500.0,-2500.0,-2500.0,-2500.0,-2500.0,-2500.0,-2376.2997303960005,-2500.0,-2500.0,-1182.1126209257563,-2500.0,-2500.0,-831.6165988901997,-2500.0,-2500.0,-2266.7535785972523,-2500.0,-2500.0,-2500.0,-2500.0,-2500.0,-2499.784835622099,-508.0507621082634
90,-500.0,-2500.0,-2500.0,-2500.0,-500.0,-500.0,-2500.0,-500.0,-2500.0,-2500.0,-2500.0,-2500.0,-2500.0,-2500.0,-2401.8152927032165,-2500.0,-2500.0,-1136.7693267674279,-2500.0,-2500.0,-1056.2746028763352,-2500.0,-2500.0,-2265.6022659189257,-2500.0,-2500.0,-2500.0,-2500.0,-2498.5719566762828,-2499.8737717973336,-715.246779971346
91,-500.0,-2500.0,-2498.3395027560878,-2484.341327795525,-500.0,-500.0,-2500.0,-500.0,-2500.0,-2500.0,-2500.0,-2500.0,-2500.0,-2500.0,-2443.072975861911,-2500.0,-2498.242141222417,-1211.783934663856,-2500.0,-2500.0,-944.4775488180137,-2500.0,-2500.0,-2053.038292744204,-2500.0,-2500.0,-2467.238170316106,-2499.8422180098905,-2500.0,-2500.0,-857.1604720678315
92,-500.0,-2500.0,-2500.0,-2497.839844741525,-500.0,-500.0,-2500.0,-500.0,-2500.0,-2500.0,-2500.0,-2500.0,-2500.0,-2500.0,-2381.3902503299964,-2500.0,-2499.506778817801,-1018.6514135675543,-2499.956702932199,-2500.0,-923.1129258702907,-2500.0,-2500.0,-2380.570435623594,-2500.0,-2500.0,-2500.0,-2500.0,-2500.0,-2500.0,-503.23764792920366
93,-500.0,-2500.0,-2500.0,-2500.0,-500.0,-500.0,-2500.0,-500.0,-2500.0,-2500.0,-2500.0,-2500.0,-2500.0,-2500.0,-2393.0077957302274,-2500.0,-2498.830539934072,-1175.4801284274047,-2499.9640167027073,-2500.0,-991.9405268940368,-2500.0,-2500.0,-2276.9491926917694,-2500.0,-2500.0,-2500.0,-2500.0,-2499.910181830814,-2500.0,-764.4165919462174
94,-500.0,-2500.0,-2500.0,-2500.0,-500.0,-500.0,-2500.0,-500.0,-2500.0,-2500.0,-2500.0,-2500.0,-2500.0,-2500.0,-2277.3954335686626,-2500.0,-2500.0,-1171.0477260454481,-2500.0,-2500.0,-944.8903098416968,-2500.0,-2500.0,-2412.206362848184,-2500.0,-2500.0,-2500.0,-2500.0,-2500.0,-2500.0,-807.3960197328217
95,-500.0,-2500.0,-2500.0,-2488.99444309477,-500.0,-500.0,-2500.0,-500.0,-2500.0,-2500.0,-2500.0,-2500.0,-2500.0,-2500.0,-2280.2818182291635,-2500.0,-2500.0,-1223.8339609755578,-2499.9681236684264,-2500.0,-817.3688971451286,-2500.0,-2500.0,-2376.278721627696,-2500.0,-2500.0,-2489.2735587216994,-2500.0,-2500.0,-2500.0,-661.5386309737116
96,-500.0,-2500.0,-2500.0,-2500.0,-500.0,-500.0,-2500.0,-500.0,-2500.0,-2500.0,-2500.0,-2500.0,-2500.0,-2500.0,-2164.2173390877324,-2500.0,-2500.0,-939.3390447396066,-2499.76577864486,-2500.0,-877.9919819769889,-2500.0,-2500.0,-2359.432492757868,-2500.0,-2500.0,-2484.288798239208,-2500.0,-2500.0,-2500.0,-758.8783609169566
97,-500.0,-2500.0,-2500.0,-2495.7090118839355,-500.0,-500.0,-2500.0,-500.0,-2500.0,-2500.0,-2500.0,-2500.0,-2500.0,-2500.0,-2203.2333870016428,-2500.0,-2500.0,-881.9627894381213,-2499.929846208214,-2500.0,-500.0,-2500.0,-2500.0,-2449.4958743126685,-2500.0,-2499.9940637215436,-2478.913059963692,-2500.0,-2500.0,-2500.0,-500.0
98,-500.0,-2500.0,-2500.0,-2498.9486277453534,-500.0,-500.0,-2500.0,-500.0,-2500.0,-2500.0,-2500.0,-2500.0,-2500.0,-2500.0,-2009.3346091251476,-2500.0,-2500.0,-730.5357505357704,-2499.9197605585878,-2500.0,-500.0,-2500.0,-2500.0,-2303.3410165157447,-2500.0,-2500.0,-2491.1388081591713,-2500.0,-2500.0,-2500.0,-500.0
99,-500.0,-2500.0,-2500.0,-2498.6043285514133,-500.0,-500.0,-2500.0,-500.0,-2500.0,-2500.0,-2500.0,-2500.0,-2500.0,-2500.0,-1963.7947446130718,-2500.0,-2500.0,-758.8284351337784,-2500.0,-2500.0,-500.0,-2500.0,-2500.0,-2380.02344865989,-2500.0,-2499.993872065477,-2485.7161029201975,-2500.0,-2500.0,-2500.0,-500.0
100,-500.0,-2500.0,-2500.0,-2500.0,-500.0,-500.0,-2500.0,-500.0,-2500.0,-2500.0,-2500.0,-2500.0,-2500.0,-2500.0,-2150.0753972373323,-2500.0,-2500.0,-916.0997558280258,-2500.0,-2500.0,-500.0,-2500.0,-2500.0,-2304.5419901680075,-2500.0,-2500.0,-2484.440059884208,-2500.0,-2500.0,-2500.0,-500.0
101,-500.0,-2500.0,-2500.0,-2500.0,-500.0,-500.0,-2500.0,-500.0,-2500.0,-2500.0,-2500.0,-2500.0,-2500.0,-2500.0,-2127.193609819142,-2500.0,-2500.0,-1061.9647646577741,-2500.0,-2500.0,-545.978029164724,-2500.0,-2500.0,-2170.9342983010356,-2500.0,-2500.0,-2486.230590591222,-2500.0,-2500.0,-2500.0,-500.0
102,-500.0,-2500.0,-2500.0,-2500.0,-500.0,-500.0,-2500.0,-500.0,-2500.0,-2500.0,-2500.0,-2500.0,-2500.0,-2500.0,-2098.4035863410772,-2500.0,-2500.0,-1005.0822684831438,-2499.9603677710793,-2500.0,-532.193421905252,-2500.0,-2500.0,-2257.2170473102206,-2500.0,-2500.0,-2490.2554490622824,-2500.0,-2500.0,-2500.0,-500.0
103,-500.0,-2500.0,-2500.0,-2500.0,-500.0,-500.0,-2500.0,-500.0,-2500.0,-2500.0,-2500.0,-2500.0,-2500.0,-2500.0,-2031.0340732834854,-2500.0,-2500.0,-990.2797315323502,-2499.7923467405485,-2500.0,-500.0,-2500.0,-2500.0,-2500.0,-2500.0,-2500.0,-2488.7596440620746,-2500.0,-2500.0,-2500.0,-592.3056925359664
104,-500.0,-2500.0,-2500.0,-2497.4106487477084,-500.0,-500.0,-2500.0,-500.0,-2500.0,-2500.0,-2500.0,-2500.0,-2500.0,-2500.0,-2078.368318509892,-2500.0,-2500.0,-964.9064153163014,-2499.7556697244577,-2500.0,-511.7981736558667,-2500.0,-2500.0,-2500.0,-2500.0,-2500.0,-2484.860022765615,-2500.0,-2500.0,-2500.0,-572.8411381788086
105,-500.0,-2500.0,-2500.0,-2500.0,-500.0,-500.0,-2500.0,-500.0,-2500.0,-2500.0,-2500.0,-2500.0,-2500.0,-2500.0,-1983.752892566578,-2500.0,-2500.0,-774.6218343862768,-2500.0,-2500.0,-500.0,-2500.0,-2500.0,-2500.0,-2500.0,-2499.9968108191188,-2483.3693676184407,-2500.0,-2500.0,-2500.0,-566.060155172346
106,-500.0,-2500.0,-2500.0,-2500.0,-500.0,-500.0,-2500.0,-500.0,-2500.0,-2500.0,-2500.0,-2500.0,-2500.0,-2500.0,-2065.841522206176,-2500.0,-2498.8018546350636,-1109.4599606428349,-2500.0,-2500.0,-561.8610439387907,-2500.0,-2500.0,-2403.8836237550563,-2500.0,-2499.995550502094,-2493.697547519725,-2500.0,-2499.9944831306775,-2500.0,-892.110497458689
107,-500.0,-2500.0,-2500.0,-2500.0,-500.0,-500.0,-2500.0,-500.0,-2500.0,-2500.0,-2500.0,-2500.0,-2500.0,-2500.0,-2042.0084474445462,-2500.0,-2500.0,-1019.171059381207,-2500.0,-2500.0,-565.1318085966275,-2500.0,-2500.0,-2329.6982722192474,-2500.0,-2500.0,-2493.6609447842775,-2500.0,-2500.0,-2500.0,-821.020541929706
108,-500.0,-2500.0,-2500.0,-2500.0,-500.0,-500.0,-2500.0,-500.0,-2500.0,-2500.0,-2500.0,-2500.0,-2500.0,-2500.0,-2097.8325664522467,-2500.0,-2499.561838285946,-1048.0922811398511,-2500.0,-2500.0,-552.4063311829678,-2500.0,-2500.0,-2500.0,-2500.0,-2499.999696529537,-2497.1649517334804,-2500.0,-2499.9993532045673,-2500.0,-792.9559572888368
109,-500.0,-2500.0,-2500.0,-2500.0,-500.0,-500.0,-2500.0,-500.0,-2500.0,-2500.0,-2500.0,-2500.0,-2500.0,-2500.0,-2105.1289351635555,-2497.9919552886113,-2500.0,-1035.5632887721354,-2500.0,-2500.0,-561.3869291268172,-2500.0,-2500.0,-2396.174663947821,-2500.0,-2500.0,-2493.9574202559384,-2500.0,-2500.0,-2500.0,-743.9250013454096
110,-500.0,-2500.0,-2500.0,-2500.0,-500.0,-500.0,-2500.0,-500.0,-2500.0,-2500.0,-2500.0,-2500.0,-2500.0,-2500.0,-2021.5850657044439,-2497.5668824196005,-2500.0,-1032.1777569099086,-2499.8165207471416,-2500.0,-530.9088606574661,-2500.0,-2500.0,-2410.591411194591,-2500.0,-2500.0,-2490.2739399798093,-2500.0,-2500.0,-2500.0,-692.5932115716275
111,-500.0,-2500.0,-2500.0,-1775.8675539561218,-500.0,-500.0,-2500.0,-500.0,-2500.0,-2500.0,-2500.0,-2500.0,-2500.0,-2500.0,-2008.9848889623677,-2500.0,-2500.0,-943.0158443881927,-2499.9147451495974,-2500.0,-500.0,-2500.0,-2500.0,-2441.6568488411554,-2500.0,-2499.966137879928,-2493.9830364414215,-2500.0,-2500.0,-2500.0,-703.8865114946201
112,-500.0,-2500.0,-2500.0,-1719.6199400996402,-500.0,-500.0,-2500.0,-500.0,-2500.0,-2500.0,-2500.0,-2500.0,-2500.0,-2500.0,-1955.5264787019369,-2498.4931428653567,-2500.0,-1096.779844331786,-2500.0,-2500.0,-500.0,-2500.0,-2500.0,-2438.4262835346653,-2500.0,-2499.9570718827586,-2494.900363091837,-2500.0,-2500.0,-2500.0,-710.6085039135771
113,-500.0,-2500.0,-2500.0,-2141.0655575863025,-500.0,-500.0,-2500.0,-500.0,-2500.0,-2500.0,-2500.0,-2500.0,-2500.0,-2500.0,-1996.545923400993,-2499.449259883947,-2500.0,-1197.8184056744396,-2500.0,-2500.0,-500.0,-2500.0,-2500.0,-2446.214235752853,-2494.0203582950385,-2500.0,-2491.627424706707,-2500.0,-2500.0,-2500.0,-647.5683747053806
114,-500.0,-2500.0,-2500.0,-1710.1900153054335,-500.0,-500.0,-2500.0,-500.0,-2500.0,-2500.0,-2500.0,-2500.0,-2500.0,-2500.0,-1980.835746656414,-2500.0,-2500.0,-1304.2923435738167,-2500.0,-2500.0,-500.0,-2500.0,-2500.0,-2500.0,-2500.0,-2500.0,-2500.0,-2500.0,-2496.12416514482,-2500.0,-500.0
115,-500.0,-2500.0,-2500.0,-1935.3703634742042,-500.0,-500.0,-2500.0,-500.0,-2500.0,-2500.0,-2500.0,-2500.0,-2500.0,-2500.0,-2021.782295783398,-2500.0,-2500.0,-1314.4667027702164,-2499.834571884158,-2500.0,-514.2125182624114,-2500.0,-2500.0,-2500.0,-2497.909831585597,-2500.0,-2500.0,-2500.0,-2500.0,-2500.0,-548.4545873454601
116,-500.0,-2500.0,-2500.0,-1873.3428800531372,-500.0,-500.0,-2500.0,-500.0,-2500.0,-2500.0,-2500.0,-2500.0,-2500.0,-2500.0,-1997.9313405084972,-2500.0,-2500.0,-1220.195672999977,-2499.716381862055,-2500.0,-526.7711372430913,-2500.0,-2500.0,-2500.0,-2500.0,-2500.0,-2500.0,-2500.0,-2500.0,-2500.0,-885.2520012291629
117,-500.0,-2500.0,-2497.0646777192796,-1925.7245242126137,-500.0,-500.0,-2500.0,-500.0,-2500.0,-2500.0,-2500.0,-2500.0,-2500.0,-2500.0,-1926.6371627354101,-2500.0,-2500.0,-1119.3845615350833,-2500.0,-2500.0,-500.0,-2500.0,-2500.0,-2500.0,-2500.0,-2500.0,-2500.0,-2500.0,-2500.0,-2500.0,-997.2913115542763
118,-500.0,-2500.0,-2500.0,-2088.746866400307,-500.0,-500.0,-2500.0,-500.0,-2500.0,-2500.0,-2500.0,-2500.0,-2500.0,-2500.0,-1901.1106486863007,-2500.0,-2500.0,-1193.464936561874,-2500.0,-2500.0,-500.0,-2500.0,-2500.0,-2488.113153685017,-2500.0,-2500.0,-2490.2315222993916,-2500.0,-2500.0,-2500.0,-665.0725814873834
119,-500.0,-2500.0,-2500.0,-2103.950317248714,-525.3172224748522,-500.0,-2500.0,-500.0,-2500.0,-2500.0,-2500.0,-2500.0,-2500.0,-2500.0,-1927.9117202880452,-2500.0,-2500.0,-1218.7634999851432,-2500.0,-2500.0,-500.0,-2500.0,-2500.0,-2500.0,-2500.0,-2500.0,-2494.1702483470026,-2500.0,-2500.0,-2500.0,-761.4683055560564
120,-500.0,-2500.0,-2500.0,-2232.5435444292666,-500.0,-500.0,-2500.0,-500.0,-2500.0,-2500.0,-2500.0,-2500.0,-2500.0,-2500.0,-2184.4971273518136,-2500.0,-2500.0,-1126.3866809101594,-2500.0,-2500.0,-533.6159209262813,-2500.0,-2500.0,-2433.4819687546687,-2500.0,-2500.0,-2486.620942824044,-2500.0,-2500.0,-2500.0,-721.2522857355576
121,-500.0,-2500.0,-2500.0,-2094.3392303286505,-508.4859262224038,-500.0,-2500.0,-500.0,-2500.0,-2500.0,-2500.0,-2500.0,-2500.0,-2500.0,-2008.2108533020578,-2500.0,-2500.0,-1080.487035458793,-2499.945405609998,-2500.0,-511.5756231771346,-2500.0,-2500.0,-2488.440335469473,-2500.0,-2500.0,-2487.685216093664,-2500.0,-2500.0,-2500.0,-666.2542059785214
122,-500.0,-2500.0,-2500.0,-1834.675077258903,-500.0,-500.0,-2500.0,-500.0,-2500.0,-2500.0,-2500.0,-2500.0,-2500.0,-2500.0,-1973.767187006808,-2500.0,-2500.0,-1184.7371275152423,-2500.0,-2500.0,-556.7530101836117,-2500.0,-2500.0,-2469.7412241946563,-2500.0,-2500.0,-2499.618801545742,-2500.0,-2500.0,-2500.0,-667.8241553250936
123,-500.0,-2500.0,-2500.0,-1736.3754224990155,-500.0,-500.0,-2500.0,-500.0,-2500.0,-2500.0,-2500.0,-2500.0,-2500.0,-2500.0,-1962.0711829195243,-2500.0,-2500.0,-1201.860299082486,-2499.9206331950254,-2500.0,-520.7838018133522,-2500.0,-2500.0,-2500.0,-2500.0,-2500.0,-2496.5326824703193,-2500.0,-2500.0,-2500.0,-500.0
124,-500.0,-2500.0,-2500.0,-1272.771562378554,-500.0,-500.0,-2500.0,-500.0,-2500.0,-2500.0,-2500.0,-2500.0,-2500.0,-2500.0,-1895.6683035445142,-2500.0,-2500.0,-1474.5580258495647,-2499.945459932018,-2500.0,-536.041663125515,-2500.0,-2500.0,-2500.0,-2500.0,-2500.0,-2500.0,-2500.0,-2500.0,-2500.0,-767.1319579078071
125,-500.0,-2500.0,-2500.0,-1958.324485152316,-500.0,-500.0,-2500.0,-500.0,-2500.0,-2500.0,-2500.0,-2500.0,-2500.0,-2500.0,-2030.2501788108564,-2499.9480260349014,-2500.0,-1133.5681763226555,-2499.9161527838137,-2500.0,-532.6151523851032,-2500.0,-2500.0,-2447.6965433460814,-2500.0,-2500.0,-2500.0,-2500.0,-2500.0,-2500.0,-803.1407566289254
126,-500.0,-2500.0,-2500.0,-2500.0,-500.0,-500.0,-2500.0,-500.0,-2500.0,-2500.0,-2500.0,-2500.0,-2500.0,-2500.0,-2162.0235470294065,-2500.0,-2500.0,-1086.9467590562174,-2499.978965447885,-2500.0,-512.9536440744034,-2500.0,-2500.0,-2433.8241539232595,-2500.0,-2500.0,-2500.0,-2500.0,-2500.0,-2500.0,-691.571458101915
127,-500.0,-2500.0,-2500.0,-1096.1618621541907,-500.0,-500.0,-2500.0,-500.0,-2500.0,-2500.0,-2500.0,-2500.0,-2500.0,-2500.0,-1909.7787442934405,-2500.0,-2500.0,-1067.2729523514067,-2500.0,-2500.0,-500.0,-2500.0,-2500.0,-2500.0,-2500.0,-2500.0,-2497.0495830649506,-2500.0,-2500.0,-2500.0,-554.2284337219014
128,-500.0,-2500.0,-2500.0,-1584.1775632869249,-500.0,-500.0,-2500.0,-500.0,-2500.0,-2500.0,-2500.0,-2500.0,-2500.0,-2500.0,-1932.8738868002051,-2500.0,-2500.0,-1138.1479070893993,-2500.0,-2500.0,-500.0,-2500.0,-2500.0,-2500.0,-2500.0,-2500.0,-2500.0,-2500.0,-2500.0,-2500.0,-500.0
129,-500.0,-2500.0,-2500.0,-1245.7817969597168,-500.0,-500.0,-2500.0,-500.0,-2500.0,-2500.0,-2500.0,-2500.0,-2500.0,-2500.0,-1823.8706061552714,-2500.0,-2500.0,-1274.7633541523342,-2499.9607770793323,-2500.0,-503.7261697823224,-2500.0,-2500.0,-2500.0,-2500.0,-2500.0,-2495.20399700035,-2500.0,-2500.0,-2500.0,-592.2037075240271
130,-500.0,-2500.0,-2500.0,-1276.597373447854,-500.0,-500.0,-2500.0,-500.0,-2500.0,-2500.0,-2500.0,-2500.0,-2500.0,-2500.0,-1749.8150454343645,-2500.0,-2500.0,-1324.442260704725,-2499.959344416706,-2500.0,-505.6298350907202,-2500.0,-2500.0,-2500.0,-2500.0,-2500.0,-2494.5863343023257,-2500.0,-2500.0,-2500.0,-618.0278944059421
131,-500.0,-2500.0,-2500.0,-1474.7872612432668,-500.0,-500.0,-2500.0,-500.0,-2500.0,-2500.0,-2500.0,-2500.0,-2500.0,-2500.0,-1728.835357351165,-2500.0,-2500.0,-1268.3640497320018,-2500.0,-2500.0,-500.1479315076965,-2500.0,-2500.0,-2496.0188365588065,-2500.0,-2500.0,-2500.0,-2500.0,-2500.0,-2500.0,-637.3048368573886
132,-500.0,-2500.0,-2500.0,-1713.4205313748948,-500.0,-500.0,-2500.0,-500.0,-2500.0,-2500.0,-2500.0,-2500.0,-2500.0,-2500.0,-1968.5461204964033,-2500.0,-2500.0,-1264.5918605877994,-2499.9962684455545,-2500.0,-500.0,-2500.0,-2500.0,-2500.0,-2500.0,-2500.0,-2500.0,-2500.0,-2500.0,-2500.0,-680.5688280569071
133,-500.0,-2500.0,-2500.0,-1625.7349656171332,-500.0,-500.0,-2500.0,-500.0,-2500.0,-2500.0,-2500.0,-2500.0,-2500.0,-2500.0,-1967.2671864261315,-2500.0,-2500.0,-1268.2677925645464,-2500.0,-2500.0,-500.0,-2500.0,-2500.0,-2500.0,-2500.0,-2500.0,-2500.0,-2500.0,-2500.0,-2500.0,-723.9347952854122
134,-500.0,-2500.0,-2500.0,-1974.672440553309,-500.0,-500.0,-2500.0,-500.0,-2500.0,-2500.0,-2500.0,-2500.0,-2500.0,-2500.0,-2027.9683931164693,-2500.0,-2500.0,-1245.5800155657464,-2500.0,-2500.0,-500.0,-2500.0,-2500.0,-2500.0,-2500.0,-2500.0,-2500.0,-2500.0,-2500.0,-2500.0,-796.8456823169455
135,-500.0,-2500.0,-2500.0,-1858.2855712074975,-500.0,-500.0,-2500.0,-500.0,-2500.0,-2500.0,-2500.0,-2500.0,-2500.0,-2500.0,-1986.588276082797,-2500.0,-2500.0,-1243.790879178418,-2499.9945523191977,-2500.0,-500.0,-2500.0,-2500.0,-2500.0,-2500.0,-2500.0,-2497.1941932444015,-2500.0,-2500.0,-2500.0,-721.9890736630065
136,-500.0,-2500.0,-2500.0,-1866.5247911780716,-500.0,-500.0,-2500.0,-500.0,-2500.0,-2500.0,-2500.0,-2500.0,-2500.0,-2500.0,-1807.9022350621822,-2500.0,-2499.7604560268123,-1137.9545377344814,-2500.0,-2500.0,-506.0872916978907,-2500.0,-2500.0,-2500.0,-2500.0,-2500.0,-2496.9733468368227,-2500.0,-2500.0,-2500.0,-697.7201482839963
137,-500.0,-2500.0,-2500.0,-1322.3073588331645,-500.0,-500.0,-2500.0,-500.0,-2500.0,-2500.0,-2500.0,-2500.0,-2500.0,-2500.0,-1868.2613113948366,-2500.0,-2499.826879611459,-1189.6644220103262,-2499.9986818175944,-2500.0,-500.0,-2500.0,-2500.0,-2370.116628979723,-2500.0,-2500.0,-2500.0,-2500.0,-2499.9941297733903,-2500.0,-500.0
138,-500.0,-2500.0,-2500.0,-1987.6571488242114,-500.0,-500.0,-2500.0,-500.0,-2500.0,-2500.0,-2500.0,-2500.0,-2500.0,-2500.0,-1948.905746036314,-2500.0,-2499.852047853111,-1083.8406138494424,-2500.0,-2500.0,-500.4806534959586,-2500.0,-2500.0,-2431.8801764700966,-2500.0,-2500.0,-2500.0,-2500.0,-2500.0,-2500.0,-596.343053071754
139,-500.0,-2500.0,-2500.0,-1530.1321893211184,-500.0,-500.0,-2500.0,-500.0,-2500.0,-2500.0,-2500.0,-2500.0,-2500.0,-2500.0,-1917.5180246841326,-2500.0,-2500.0,-1218.8515515149572,-2500.0,-2500.0,-528.0415473468913,-2500.0,-2500.0,-2414.06605294995,-2500.0,-2500.0,-2500.0,-2500.0,-2500.0,-2500.0,-646.8804588215767
140,-500.0,-2500.0,-2500.0,-2500.0,-500.0,-500.0,-2500.0,-500.0,-2500.0,-2500.0,-2500.0,-2500.0,-2500.0,-2500.0,-1922.9923426892162,-2500.0,-2500.0,-1151.396679975206,-2499.999040479764,-2500.0,-500.0,-2500.0,-2500.0,-2424.5193839558588,-2496.9120841888357,-2500.0,-2500.0,-2500.0,-2500.0,-2500.0,-767.4088277981991
141,-500.0,-2500.0,-2500.0,-1969.044811842459,-500.0,-500.0,-2500.0,-500.0,-2500.0,-2500.0,-2500.0,-2500.0,-2500.0,-2500.0,-1805.6720287176354,-2500.0,-2500.0,-1072.491546048888,-2500.0,-2500.0,-500.0,-2500.0,-2500.0,-2246.4389927125335,-2499.0593988794417,-2500.0,-2500.0,-2500.0,-2500.0,-2500.0,-744.5604964876457
142,-500.0,-2500.0,-2500.0,-2064.6383279169454,-514.6710722277677,-500.0,-2500.0,-500.0,-2500.0,-2500.0,-2500.0,-2500.0,-2500.0,-2500.0,-1810.1724976725013,-2500.0,-2500.0,-1048.1176137358593,-2500.0,-2500.0,-500.0,-2500.0,-2500.0,-2500.0,-2500.0,-2500.0,-2493.290717857586,-2500.0,-2500.0,-2500.0,-857.1040576878238
143,-500.0,-2500.0,-2500.0,-1650.2636916203455,-509.81284204530914,-500.0,-2500.0,-500.0,-2500.0,-2500.0,-2500.0,-2500.0,-2500.0,-2500.0,-1872.625083066589,-2500.0,-2500.0,-1140.6519526655616,-2499.9999985421464,-2500.0,-500.0,-2500.0,-2500.0,-2500.0,-2500.0,-2500.0,-2500.0,-2500.0,-2499.9987799938513,-2500.0,-773.6745777330411
144,-500.0,-2500.0,-2500.0,-1774.2135574769277,-500.0,-500.0,-2500.0,-500.0,-2500.0,-2500.0,-2500.0,-2500.0,-2500.0,-2500.0,-1961.8336692143112,-2500.0,-2500.0,-1194.4716420007776,-2500.0,-2500.0,-500.0,-2500.0,-2500.0,-2500.0,-2500.0,-2500.0,-2500.0,-2500.0,-2500.0,-2500.0,-686.8298819670922
145,-500.0,-2500.0,-2500.0,-1858.8454356102552,-500.0,-500.0,-2500.0,-500.0,-2500.0,-2500.0,-2500.0,-2500.0,-2500.0,-2500.0,-1942.4834190017457,-2500.0,-2500.0,-1336.9764592334084,-2500.0,-2500.0,-500.0,-2500.0,-2500.0,-2500.0,-2500.0,-2500.0,-2500.0,-2500.0,-2500.0,-2500.0,-812.0139304314198
146,-500.0,-2500.0,-2500.0,-1399.0783765402687,-500.0,-500.0,-2500.0,-500.0,-2500.0,-2500.0,-2500.0,-2500.0,-2500.0,-2500.0,-1910.1690089464614,-2500.0,-2500.0,-1306.2474452378078,-2500.0,-2500.0,-500.0,-2500.0,-2500.0,-2500.0,-2500.0,-2500.0,-2492.6895258448076,-2500.0,-2500.0,-2500.0,-787.4731904521939
147,-500.0,-2500.0,-2500.0,-1845.1933569805608,-500.0,-500.0,-2500.0,-500.0,-2500.0,-2500.0,-2500.0,-2500.0,-2500.0,-2500.0,-1964.732827128523,-2500.0,-2500.0,-1142.5819765293952,-2500.0,-2500.0,-500.06780466556745,-2500.0,-2500.0,-2500.0,-2500.0,-2500.0,-2490.9441443056385,-2500.0,-2500.0,-2500.0,-784.925976601975
148,-500.0,-2500.0,-2500.0,-1071.7744202561994,-500.0,-500.0,-2500.0,-500.0,-2500.0,-2500.0,-2500.0,-2500.0,-2500.0,-2500.0,-1868.9189910246835,-2500.0,-2500.0,-1328.1471604071132,-2500.0,-2500.0,-500.0,-2500.0,-2500.0,-2500.0,-2500.0,-2500.0,-2500.0,-2500.0,-2500.0,-2500.0,-889.7070678020898
149,-500.0,-2500.0,-2500.0,-1077.5891092974593,-500.0,-500.0,-2500.0,-500.0,-2500.0,-2500.0,-2500.0,-2500.0,-2500.0,-2500.0,-1866.495501433241,-2500.0,-2500.0,-1419.136172416534,-2500.0,-2500.0,-500.0,-2500.0,-2500.0,-2500.0,-2500.0,-2500.0,-2500.0,-2500.0,-2500.0,-2500.0,-706.9080663539592
150,-500.0,-2500.0,-2500.0,-960.8684676813152,-500.0,-500.0,-2500.0,-500.0,-2500.0,-2500.0,-2500.0,-2500.0,-2500.0,-2500.0,-1848.1722708002753,-2500.0,-2500.0,-1419.6086657753021,-2499.9985419040163,-2500.0,-500.0,-2500.0,-2500.0,-2500.0,-2500.0,-2500.0,-2500.0,-2500.0,-2500.0,-2500.0,-804.6577376723358
151,-500.0,-2500.0,-2500.0,-1876.3491060131735,-500.0,-500.0,-2500.0,-500.0,-2500.0,-2500.0,-2500.0,-2500.0,-2500.0,-2500.0,-1889.5930013250977,-2500.0,-2500.0,-1020.197830720441,-2500.0,-2500.0,-500.0,-2500.0,-2500.0,-2500.0,-2500.0,-2500.0,-2500.0,-2500.0,-2500.0,-2500.0,-610.1534512990601
152,-500.0,-2500.0,-2500.0,-1627.047476426913,-500.0,-500.0,-2500.0,-500.0,-2500.0,-2500.0,-2500.0,-2500.0,-2500.0,-2500.0,-1930.6740424863722,-2500.0,-2500.0,-1041.1358238843895,-2500.0,-2500.0,-500.0,-2500.0,-2500.0,-2500.0,-2500.0,-2500.0,-2500.0,-2500.0,-2500.0,-2500.0,-638.0085061509734
153,-500.0,-2500.0,-2500.0,-1161.4600177884422,-500.0,-500.0,-2500.0,-500.0,-2500.0,-2500.0,-2500.0,-2500.0,-2500.0,-2500.0,-1800.2862929562666,-2499.741157410687,-2500.0,-1206.53566777029,-2500.0,-2500.0,-501.47029861727316,-2500.0,-2500.0,-2500.0,-2500.0,-2500.0,-2499.9368870128706,-2500.0,-2500.0,-2500.0,-500.0
154,-500.0,-2500.0,-2500.0,-930.8009388280459,-500.0,-500.0,-2500.0,-500.0,-2500.0,-2500.0,-2500.0,-2500.0,-2500.0,-2500.0,-1796.821628441556,-2499.9023368198436,-2500.0,-1507.9963337852334,-2500.0,-2500.0,-500.0,-2500.0,-2500.0,-2500.0,-2500.0,-2500.0,-2500.0,-2500.0,-2500.0,-2500.0,-605.616746978604
155,-500.0,-2500.0,-2500.0,-1420.7486283160097,-500.0,-500.0,-2500.0,-500.0,-2500.0,-2500.0,-2500.0,-2500.0,-2500.0,-2500.0,-1879.6198088343588,-2500.0,-2500.0,-1489.0416818756846,-2500.0,-2500.0,-502.9647649221942,-2500.0,-2500.0,-2498.4341400640524,-2500.0,-2500.0,-2500.0,-2500.0,-2500.0,-2500.0,-709.5872188482825
156,-500.0,-2500.0,-2500.0,-1462.0126164052201,-510.32302075090223,-500.0,-2500.0,-500.0,-2500.0,-2500.0,-2500.0,-2500.0,-2500.0,-2500.0,-1597.417979229223,-2500.0,-2500.0,-1282.4625092846904,-2500.0,-2500.0,-500.0,-2500.0,-2500.0,-2500.0,-2500.0,-2500.0,-2500.0,-2500.0,-2500.0,-2500.0,-829.741763082445
157,-500.0,-2500.0,-2500.0,-1500.961422009645,-500.0,-500.0,-2500.0,-500.0,-2500.0,-2500.0,-2500.0,-2500.0,-2500.0,-2500.0,-1693.9077073139447,-2500.0,-2500.0,-1362.7220501481124,-2500.0,-2500.0,-500.0,-2500.0,-2500.0,-2493.0021133214486,-2500.0,-2500.0,-2500.0,-2500.0,-2500.0,-2500.0,-890.3632991006809
158,-500.0,-2500.0,-2500.0,-1348.9497158633512,-500.2939660592058,-500.0,-2500.0,-500.0,-2500.0,-2500.0,-2500.0,-2500.0,-2500.0,-2500.0,-1752.0764481215651,-2500.0,-2500.0,-1272.8912661627141,-2500.0,-2500.0,-500.0,-2500.0,-2500.0,-2500.0,-2500.0,-2500.0,-2500.0,-2500.0,-2500.0,-2500.0,-1034.1267781556985
159,-500.0,-2500.0,-2500.0,-1395.136923664485,-500.0,-500.0,-2500.0,-500.0,-2500.0,-2500.0,-2500.0,-2500.0,-2500.0,-2500.0,-1669.0766198367628,-2500.0,-2500.0,-1274.7161205755585,-2499.9910279826395,-2500.0,-500.0,-2500.0,-2500.0,-2499.5318209107195,-2500.0,-2500.0,-2497.5272217091615,-2500.0,-2500.0,-2500.0,-764.8195612742292
160,-500.0,-2500.0,-2500.0,-1462.826138751715,-500.0,-500.0,-2500.0,-500.0,-2500.0,-2500.0,-2500.0,-2500.0,-2500.0,-2500.0,-1944.9429754207968,-2500.0,-2500.0,-1313.1361050712196,-2499.9900066826945,-2500.0,-500.0,-2500.0,-2500.0,-2499.864564443483,-2500.0,-2500.0,-2496.61201406615,-2500.0,-2500.0,-2500.0,-900.1133995138404
161,-500.0,-2500.0,-2500.0,-1585.645376724969,-500.0,-500.0,-2500.0,-500.0,-2500.0,-2500.0,-2500.0,-2500.0,-2500.0,-2500.0,-1829.495250268387,-2500.0,-2499.962432038015,-1257.1492676820912,-2500.0,-2500.0,-500.0,-2500.0,-2500.0,-2500.0,-2500.0,-2500.0,-2497.42083850548,-2500.0,-2500.0,-2500.0,-695.6849690550761
162,-500.0,-2500.0,-2500.0,-1867.3871516721772,-500.0,-500.0,-2500.0,-500.0,-2500.0,-2500.0,-2500.0,-2500.0,-2500.0,-2500.0,-1907.1338981019312,-2500.0,-2500.0,-1085.4199020608683,-2500.0,-2500.0,-500.0,-2500.0,-2500.0,-2318.2310826120056,-2500.0,-2500.0,-2499.342615511242,-2500.0,-2500.0,-2500.0,-787.7497493487913
163,-500.0,-2500.0,-2500.0,-1682.6097905088454,-500.0,-500.0,-2500.0,-500.0,-2500.0,-2500.0,-2500.0,-2500.0,-2500.0,-2500.0,-1953.7155802790005,-2500.0,-2500.0,-1275.0827815425655,-2500.0,-2500.0,-500.0,-2500.0,-2500.0,-2365.1957381958296,-2500.0,-2500.0,-2499.399637522674,-2500.0,-2500.0,-2500.0,-608.9917272956394
164,-500.0,-2500.0,-2500.0,-1801.0072488050473,-500.0,-500.0,-2500.0,-500.0,-2500.0,-2500.0,-2500.0,-2500.0,-2500.0,-2500.0,-1916.2648256313003,-2500.0,-2500.0,-1251.9381534272695,-2500.0,-2500.0,-500.04816696216875,-2500.0,-2500.0,-2347.310846272953,-2500.0,-2500.0,-2484.176866673901,-2500.0,-2500.0,-2500.0,-697.4198669090983
165,-500.0,-2500.0,-2500.0,-1982.970185513509,-500.0,-500.0,-2500.0,-500.0,-2500.0,-2500.0,-2500.0,-2500.0,-2500.0,-2500.0,-2004.9714703301345,-2500.0,-2500.0,-1152.3069025789227,-2500.0,-2500.0,-500.0,-2500.0,-2500.0,-2415.8487716716536,-2500.0,-2500.0,-2494.5368634698716,-2500.0,-2500.0,-2500.0,-701.1645484520327
166,-500.0,-2500.0,-2500.0,-1959.3733601176923,-500.0,-500.0,-2500.0,-500.0,-2500.0,-2500.0,-2500.0,-2500.0,-2500.0,-2500.0,-1935.6289879065419,-2500.0,-2500.0,-1070.608834896268,-2500.0,-2500.0,-500.0047887468793,-2500.0,-2500.0,-2500.0,-2500.0,-2500.0,-2492.73552848715,-2500.0,-2500.0,-2500.0,-801.915461915747
167,-500.0,-2500.0,-2500.0,-1437.6181514584082,-500.0,-500.0,-2500.0,-500.0,-2500.0,-2500.0,-2500.0,-2500.0,-2500.0,-2500.0,-1767.3158890528969,-2500.0,-2500.0,-1258.853294754032,-2500.0,-2500.0,-500.0,-2500.0,-2500.0,-2500.0,-2500.0,-2500.0,-2500.0,-2500.0,-2500.0,-2500.0,-704.074138374408
168,-500.0,-2500.0,-2500.0,-1788.625367956388,-500.0,-500.0,-2500.0,-500.0,-2500.0,-2500.0,-2500.0,-2500.0,-2500.0,-2500.0,-1860.017234435561,-2500.0,-2500.0,-1146.4710561622005,-2500.0,-2500.0,-500.0,-2500.0,-2500.0,-2500.0,-2500.0,-2500.0,-2500.0,-2500.0,-2500.0,-2500.0,-616.41180518322
169,-500.0,-2500.0,-2500.0,-1697.0352506494214,-500.0,-500.0,-2500.0,-500.0,-2500.0,-2500.0,-2500.0,-2500.0,-2500.0,-2500.0,-1776.5862193086666,-2500.0,-2500.0,-1359.8213923255876,-2500.0,-2500.0,-500.0222508467252,-2500.0,-2500.0,-2337.0040908729707,-2500.0,-2500.0,-2500.0,-2500.0,-2500.0,-2500.0,-626.0067536203737
170,-500.0,-2500.0,-2500.0,-1804.276544533434,-500.0,-500.0,-2500.0,-500.0,-2500.0,-2500.0,-2500.0,-2500.0,-2500.0,-2500.0,-1799.1320644141083,-2500.0,-2500.0,-1255.484235415694,-2500.0,-2500.0,-500.0198900813314,-2500.0,-2500.0,-2478.082465392404,-2500.0,-2500.0,-2500.0,-2500.0,-2500.0,-2500.0,-619.8089224665749
171,-500.0,-2500.0,-2500.0,-1407.5953548568095,-500.0,-500.0,-2500.0,-500.0,-2500.0,-2500.0,-2500.0,-2500.0,-2500.0,-2500.0,-1902.858089447329,-2500.0,-2500.0,-1215.4183914176015,-2500.0,-2500.0,-500.0,-2500.0,-2500.0,-2500.0,-2500.0,-2500.0,-2500.0,-2500.0,-2500.0,-2500.0,-678.8455760073315
172,-500.0,-2500.0,-2500.0,-1639.2848758909777,-500.0,-500.0,-2500.0,-500.0,-2500.0,-2500.0,-2500.0,-2500.0,-2500.0,-2500.0,-1907.078007159071,-2500.0,-2500.0,-1222.1395542715945,-2499.9948126378567,-2500.0,-500.0,-2500.0,-2500.0,-2500.0,-2500.0,-2500.0,-2500.0,-2500.0,-2500.0,-2500.0,-575.51283966189
173,-500.0,-2500.0,-2500.0,-1840.0849664411846,-500.0,-500.0,-2500.0,-500.0,-2500.0,-2500.0,-2500.0,-2500.0,-2500.0,-2500.0,-1810.8147366447636,-2500.0,-2500.0,-1152.2592663159658,-2500.0,-2500.0,-500.0,-2500.0,-2500.0,-2500.0,-2500.0,-2500.0,-2499.7930207970853,-2500.0,-2500.0,-2500.0,-733.7565616645413
174,-500.0,-2500.0,-2500.0,-1483.9974825683714,-500.0,-500.0,-2500.0,-500.0,-2500.0,-2500.0,-2500.0,-2500.0,-2500.0,-2500.0,-1891.334616433702,-2500.0,-2499.990461127331,-1116.6947465340768,-2500.0,-2500.0,-528.9407786726351,-2500.0,-2500.0,-2500.0,-2500.0,-2500.0,-2500.0,-2500.0,-2500.0,-2500.0,-619.9376808947238
175,-500.0,-2500.0,-2500.0,-1412.4115179606931,-500.0,-500.0,-2500.0,-500.0,-2500.0,-2500.0,-2500.0,-2500.0,-2500.0,-2500.0,-1786.218525680688,-2500.0,-2500.0,-1244.4295813086171,-2500.0,-2500.0,-525.985437669752,-2500.0,-2500.0,-2500.0,-2500.0,-2500.0,-2500.0,-2500.0,-2500.0,-2500.0,-757.1183624470472
176,-500.0,-2500.0,-2500.0,-1529.2174754954758,-500.0,-500.0,-2500.0,-500.0,-2500.0,-2500.0,-2500.0,-2500.0,-2500.0,-2500.0,-1824.7192122479944,-2500.0,-2499.999517401678,-1228.3697232412526,-2500.0,-2500.0,-509.35215427032233,-2500.0,-2500.0,-2500.0,-2500.0,-2500.0,-2500.0,-2500.0,-2500.0,-2500.0,-845.597969664077
177,-500.0,-2500.0,-2500.0,-1432.1189685127881,-500.0,-500.0,-2500.0,-500.0,-2500.0,-2500.0,-2500.0,-2500.0,-2500.0,-2500.0,-1818.9332927512892,-2500.0,-2500.0,-1250.884759578317,-2499.9952374744275,-2500.0,-500.0,-2500.0,-2500.0,-2500.0,-2500.0,-2500.0,-2499.900463539247,-2500.0,-2500.0,-2500.0,-835.1542156055868
178,-500.0,-2500.0,-2500.0,-1507.6655223359958,-500.0,-500.0,-2500.0,-500.0,-2500.0,-2500.0,-2500.0,-2500.0,-2500.0,-2500.0,-1802.0668873373995,-2500.0,-2499.9942034760497,-1249.5678967114222,-2500.0,-2500.0,-534.3681820569486,-2500.0,-2500.0,-2500.0,-2500.0,-2500.0,-2500.0,-2500.0,-2500.0,-2500.0,-731.8932839375652
179,-500.0,-2500.0,-2500.0,-1658.49450343672,-500.0,-500.0,-2500.0,-500.0,-2500.0,-2500.0,-2500.0,-2500.0,-2500.0,-2500.0,-2084.226952469505,-2500.0,-2499.9372626447234,-1205.851094207013,-2499.998241110443,-2500.0,-500.0,-2500.0,-2500.0,-2435.5020305655266,-2500.0,-2500.0,-2500.0,-2500.0,-2500.0,-2500.0,-687.5253462045881
180,-500.0,-2500.0,-2500.0,-1638.5602375709568,-500.0,-500.0,-2500.0,-500.0,-2500.0,-2500.0,-2500.0,-2500.0,-2500.0,-2500.0,-1795.0700218841735,-2500.0,-2499.973498684833,-1173.0637374487849,-2500.0,-2500.0,-500.0,-2500.0,-2500.0,-2430.719794820931,-2500.0,-2500.0,-2500.0,-2500.0,-2500.0,-2500.0,-721.5078802625637
181,-500.0,-2500.0,-2500.0,-1672.1154854091985,-500.0,-500.0,-2500.0,-500.0,-2500.0,-2500.0,-2500.0,-2500.0,-2500.0,-2500.0,-1803.2227386142429,-2500.0,-2500.0,-1133.0117960288737,-2500.0,-2500.0,-500.0,-2500.0,-2500.0,-2500.0,-2500.0,-2500.0,-2500.0,-2500.0,-2500.0,-2500.0,-675.6081431645673
182,-500.1606374534906,-2500.0,-2500.0,-1787.6957016463457,-500.0,-500.0,-2500.0,-500.0,-2500.0,-2500.0,-2500.0,-2500.0,-2500.0,-2500.0,-1847.354861214229,-2500.0,-2500.0,-1160.6336260449436,-2500.0,-2500.0,-500.0,-2500.0,-2500.0,-2494.6890411101313,-2500.0,-2500.0,-2500.0,-2500.0,-2500.0,-2500.0,-750.1387031784627
183,-500.07019071635233,-2500.0,-2500.0,-1505.4978689422305,-500.0,-500.0,-2500.0,-500.0,-2500.0,-2500.0,-2500.0,-2500.0,-2500.0,-2500.0,-1658.600200664661,-2500.0,-2500.0,-1153.9959964320717,-2500.0,-2500.0,-500.0,-2500.0,-2499.8949364916684,-2491.9757218617883,-2500.0,-2500.0,-2500.0,-2500.0,-2500.0,-2500.0,-706.3134054776569
184,-500.0817107379244,-2500.0,-2500.0,-1516.5756961923114,-500.0,-500.0,-2500.0,-500.0,-2500.0,-2500.0,-2500.0,-2500.0,-2500.0,-2500.0,-1703.0431072206168,-2500.0,-2500.0,-1286.0864770079763,-2500.0,-2500.0,-500.0,-2500.0,-2500.0,-2471.203559598536,-2500.0,-2500.0,-2500.0,-2500.0,-2500.0,-2500.0,-943.8193452899266
185,-500.03225198670805,-2500.0,-2500.0,-1484.7326830817979,-500.0,-500.0,-2500.0,-500.0,-2500.0,-2500.0,-2500.0,-2500.0,-2500.0,-2500.0,-1870.6611311885772,-2500.0,-2500.0,-1280.394840845841,-2500.0,-2500.0,-500.0,-2500.0,-2500.0,-2468.508379317171,-2500.0,-2500.0,-2500.0,-2500.0,-2500.0,-2500.0,-915.2917937478364
186,-500.0,-2500.0,-2500.0,-1811.7543515260024,-506.6017100882802,-500.0,-2500.0,-500.0,-2500.0,-2500.0,-2500.0,-2500.0,-2500.0,-2500.0,-1884.9784508050393,-2500.0,-2500.0,-1314.2614762288986,-2500.0,-2500.0,-500.0,-2500.0,-2500.0,-2500.0,-2500.0,-2500.0,-2500.0,-2500.0,-2500.0,-2500.0,-852.4144090966621
187,-500.0,-2500.0,-2500.0,-1679.317538766169,-500.0,-500.0,-2500.0,-500.0,-2500.0,-2500.0,-2500.0,-2500.0,-2500.0,-2500.0,-1928.2148106934137,-2500.0,-2500.0,-1283.8580170436617,-2500.0,-2500.0,-515.4895411282029,-2500.0,-2500.0,-2500.0,-2500.0,-2500.0,-2500.0,-2500.0,-2500.0,-2500.0,-748.9756611445044
188,-500.0,-2500.0,-2500.0,-1982.7183254248378,-500.0,-500.0,-2500.0,-500.0,-2500.0,-2500.0,-2500.0,-2500.0,-2500.0,-2500.0,-1962.321348400446,-2500.0,-2500.0,-1232.3946022460923,-2500.0,-2500.0,-515.695597708369,-2500.0,-2500.0,-2498.4971922493773,-2500.0,-2500.0,-2500.0,-2500.0,-2500.0,-2500.0,-730.864611345986
189,-500.0,-2500.0,-2500.0,-1749.4993458014867,-500.0,-500.0,-2500.0,-500.0,-2500.0,-2500.0,-2500.0,-2500.0,-2500.0,-2500.0,-1842.5458482075883,-2500.0,-2500.0,-1199.5332736833766,-2500.0,-2500.0,-510.8905266635914,-2500.0,-2500.0,-2500.0,-2500.0,-2500.0,-2500.0,-2500.0,-2500.0,-2500.0,-700.5487896438799
190,-500.0,-2500.0,-2500.0,-1935.494277416811,-500.0,-500.0,-2500.0,-500.0,-2500.0,-2500.0,-2500.0,-2500.0,-2500.0,-2500.0,-1830.7638140489253,-2500.0,-2500.0,-1168.2741226356536,-2500.0,-2500.0,-500.0,-2500.0,-2500.0,-2498.1869737272077,-2500.0,-2500.0,-2499.0752448649214,-2500.0,-2500.0,-2500.0,-738.2315083112164
191,-500.0,-2500.0,-2500.0,-1714.9200118147571,-500.0,-500.0,-2500.0,-500.0,-2500.0,-2500.0,-2500.0,-2500.0,-2500.0,-2500.0,-1808.8974414235715,-2500.0,-2500.0,-1194.5752817620998,-2500.0,-2500.0,-511.5082885563319,-2500.0,-2500.0,-2500.0,-2500.0,-2500.0,-2500.0,-2500.0,-2500.0,-2500.0,-775.312463588041
192,-500.0,-2500.0,-2500.0,-1864.5693441005524,-500.0,-500.0,-2500.0,-500.0,-2500.0,-2500.0,-2500.0,-2500.0,-2500.0,-2500.0,-1790.7679899893624,-2500.0,-2499.9919121829157,-1173.8090948342021,-2500.0,-2500.0,-500.0,-2500.0,-2500.0,-2487.399918408211,-2500.0,-2500.0,-2500.0,-2500.0,-2500.0,-2500.0,-749.768686663017
193,-500.0,-2500.0,-2500.0,-1584.1194147641913,-500.0,-500.0,-2500.0,-500.0,-2500.0,-2500.0,-2500.0,-2500.0,-2500.0,-2500.0,-1802.382725959958,-2500.0,-2499.990772477979,-1250.5692938659868,-2500.0,-2500.0,-515.2932589666409,-2500.0,-2500.0,-2495.5911448604966,-2500.0,-2500.0,-2500.0,-2500.0,-2500.0,-2500.0,-869.5842952623286
194,-500.0,-2500.0,-2500.0,-1729.0678772039264,-500.0,-500.0,-2500.0,-500.0,-2500.0,-2500.0,-2500.0,-2500.0,-2500.0,-2500.0,-1800.9598349559637,-2500.0,-2499.9967022889964,-1291.0640682246344,-2500.0,-2500.0,-500.0,-2500.0,-2500.0,-2490.8019686610146,-2500.0,-2500.0,-2500.0,-2500.0,-2500.0,-2500.0,-725.3726575205169
195,-500.0,-2500.0,-2500.0,-1735.0480749761236,-500.0,-500.00895567368724,-2500.0,-500.0,-2500.0,-2500.0,-2500.0,-2500.0,-2500.0,-2500.0,-1817.3789229683614,-2500.0,-2500.0,-1313.29774812709,-2500.0,-2500.0,-500.0,-2500.0,-2500.0,-2500.0,-2500.0,-2500.0,-2500.0,-2500.0,-2500.0,-2500.0,-762.8786359408471
196,-500.0,-2500.0,-2500.0,-1138.4266878913463,-500.0,-500.0,-2500.0,-500.0,-2500.0,-2500.0,-2500.0,-2500.0,-2500.0,-2500.0,-1757.928358847617,-2500.0,-2500.0,-1331.7705184011218,-2500.0,-2500.0,-500.0,-2500.0,-2500.0,-2497.185663764456,-2500.0,-2500.0,-2500.0,-2500.0,-2500.0,-2500.0,-832.4477125348175
197,-500.21218815810084,-2500.0,-2500.0,-1117.8075179174843,-500.0,-500.00045777723614,-2500.0,-500.0,-2500.0,-2500.0,-2500.0,-2500.0,-2500.0,-2500.0,-1749.186625275053,-2500.0,-2500.0,-1250.423802375227,-2500.0,-2500.0,-500.0,-2500.0,-2500.0,-2500.0,-2500.0,-2500.0,-2500.0,-2500.0,-2500.0,-2500.0,-678.1218211627064
198,-500.13226115610126,-2500.0,-2500.0,-1243.4908313259316,-500.0,-500.0,-2500.0,-500.0,-2500.0,-2500.0,-2500.0,-2500.0,-2500.0,-2500.0,-1820.3556543071895,-2500.0,-2500.0,-1401.092971935344,-2500.0,-2500.0,-500.0,-2500.0,-2500.0,-2500.0,-2500.0,-2500.0,-2500.0,-2500.0,-2500.0,-2500.0,-678.7181376005724
199,-500.1128332332694,-2500.0,-2500.0,-1236.7986150457787,-500.0,-500.0,-2500.0,-500.0,-2500.0,-2500.0,-2500.0,-2500.0,-2500.0,-2500.0,-1861.7487439558286,-2500.0,-2500.0,-1377.7025638876535,-2500.0,-2500.0,-500.0,-2500.0,-2500.0,-2500.0,-2500.0,-2500.0,-2500.0,-2500.0,-2500.0,-2500.0,-598.5072244609534
200,-500.0,-2500.0,-2500.0,-1404.438951991639,-500.0,-500.0,-2500.0,-500.0,-2500.0,-2500.0,-2500.0,-2500.0,-2500.0,-2500.0,-1949.474658765491,-2500.0,-2500.0,-1289.4353911960384,-2500.0,-2500.0,-500.0,-2500.0,-2500.0,-2500.0,-2500.0,-2500.0,-2500.0,-2500.0,-2500.0,-2500.0,-685.6681939202168
201,-500.0,-2500.0,-2500.0,-1606.7541914134804,-500.0,-500.0,-2500.0,-500.0,-2500.0,-2500.0,-2500.0,-2500.0,-2500.0,-2500.0,-1778.744686663655,-2500.0,-2499.980852466929,-1125.0913605546036,-2500.0,-2500.0,-500.0,-2500.0,-2500.0,-2500.0,-2500.0,-2500.0,-2500.0,-2500.0,-2500.0,-2500.0,-690.9944114079444
202,-500.0,-2500.0,-2500.0,-1852.3481136597718,-500.0,-500.0,-2500.0,-500.0,-2500.0,-2500.0,-2500.0,-2500.0,-2500.0,-2500.0,-1930.3401183218998,-2500.0,-2500.0,-1141.150766719767,-2500.0,-2500.0,-500.0,-2500.0,-2500.0,-2500.0,-2500.0,-2500.0,-2500.0,-2500.0,-2500.0,-2500.0,-683.5497477357503
203,-500.0,-2500.0,-2500.0,-1613.7287275607414,-500.0,-500.0,-2500.0,-500.0,-2500.0,-2500.0,-2500.0,-2500.0,-2500.0,-2500.0,-1918.447977015086,-2500.0,-2499.998829579578,-1304.1913362266612,-2500.0,-2500.0,-500.0,-2500.0,-2500.0,-2500.0,-2500.0,-2500.0,-2500.0,-2500.0,-2500.0,-2500.0,-756.5243590466321
