-678.6387303,-527.2604811,-850.7079447,-1102.173516,-653.6697458,-1050.711011,-1076.882276,-1270.024384,-632.4491014,-1061.887903,-749.9601095,-624.4871895,-667.2984832,-1179.288527,-694.1900073,-734.9287095,-983.556044,-1301.68068,-959.9000879,-1342.91441,-530.9741334,-729.7500937,-775.0376159,-938.4380804,-1419.643585,-995.2988549,-912.8802526,-1223.735606,-756.1841902,-977.0866739,-900.0742996
-1163.028562,-1360.553852,-543.5309234,-1318.667745,-709.8447995,-1321.810586,-1097.844545,-914.977337,-642.3507791,-1329.930723,-626.422116,-959.8642117,-1478.75239,-756.6310378,-1408.789268,-787.0958057,-1300.664688,-833.4904506,-617.3523461,-653.3834684,-888.137934,-1237.503725,-843.714969,-1048.190652,-591.5974866,-883.7831708,-1222.504701,-1066.614174,-530.3114501,-1012.927721,-993.5518894
-1089.765733,-1049.230542,-533.5703366,-670.7617546,-1497.1276,-510.0216123,-829.3347126,-689.5102313,-609.5928028,-550.7124439,-821.5367532,-540.0363584,-829.2423471,-1451.921396,-630.9232751,-696.8307215,-1392.147958,-1135.547581,-501.6367342,-991.2603435,-537.0845774,-1038.259343,-1379.399791,-1378.349515,-551.7528371,-599.2363458,-1206.2794,-1496.262095,-750.2465753,-889.2914092,-1493.797481
-1159.3844,-1246.81422,-1362.514828,-1046.203234,-1340.094928,-670.9851825,-675.9358292,-1199.749779,-990.7389835,-674.8374245,-1089.57781,-1385.446675,-1386.825411,-736.3344125,-1098.126324,-625.456829,-1309.277536,-1259.55777,-721.4274854,-1445.400451,-741.2936589,-584.8712511,-981.6139312,-1443.713883,-744.3359071,-817.0420975,-851.8365287,-1076.911265,-1286.503597,-1467.717275,-687.6246402
-1193.872266,-1211.018063,-954.4294866,-1238.155265,-699.1885423,-781.0545544,-1099.602371,-1303.129342,-1195.061196,-752.0778012,-1263.064923,-596.5288102,-817.1878758,-625.4730564,-942.5745911,-768.0369936,-711.2188918,-782.8279027,-505.9058066,-1198.657425,-1409.704812,-1145.73929,-516.8257813,-708.699554,-1495.544065,-1293.910119,-879.3925898,-762.6513754,-941.7161597,-609.1009755,-1201.518923
-1023.731101,-1417.079834,-672.9147819,-1302.423177,-1316.450012,-1064.082114,-728.1069458,-1044.726591,-1174.489309,-864.3593722,-603.5944663,-927.4371956,-661.2850334,-1411.712205,-1055.620056,-1465.311835,-1099.222124,-1116.058381,-1263.581715,-1037.99923,-1282.943945,-624.5649965,-919.5192899,-888.6752043,-1309.933041,-644.3924879,-724.9759278,-954.8200697,-736.9908069,-1147.599066,-1347.162263
-1185.642004,-1387.667115,-531.003965,-1169.498024,-1178.951512,-762.587598,-1371.203366,-1453.239995,-1238.988408,-1459.932328,-967.0247202,-591.7826874,-1187.87231,-942.0913831,-1195.756445,-1349.612041,-966.8366702,-1226.359715,-1378.234863,-933.3099563,-1058.104265,-845.513608,-935.2584731,-1468.408974,-637.0515309,-1303.47041,-627.2178369,-1181.145655,-1419.736318,-784.8979818,-1095.633662
-1150.702397,-1243.328531,-976.3494113,-539.400245,-1355.90336,-709.6862421,-605.1462566,-1103.726598,-1161.015829,-1115.548088,-1288.663631,-930.5822325,-573.3389342,-871.5130215,-1478.073949,-941.841703,-757.5527821,-1260.084138,-1291.376364,-767.836201,-657.3032872,-1356.135005,-1026.077432,-840.6693758,-764.254127,-516.5569653,-1364.451666,-1402.5213,-1211.997694,-677.6243398,-1097.935976
-1191.986327,-1251.253806,-1283.720612,-978.8537608,-1319.16476,-981.8224291,-1459.492211,-1147.910481,-735.3586511,-1472.715959,-864.9118679,-1407.458056,-941.5936267,-1132.917228,-1094.018551,-1497.472302,-1040.197861,-974.1409922,-1375.872369,-1303.195098,-1055.149681,-681.4481269,-1157.751408,-501.6985979,-1303.638307,-580.7105897,-1105.695756,-1030.993327,-971.1447845,-543.5991999,-762.4020856
-796.7936037,-642.8726262,-1100.3509,-1188.264861,-675.9371879,-513.0819675,-1376.560188,-1173.388582,-843.1364364,-1490.007404,-1489.053913,-1139.938662,-708.3122146,-705.9413976,-637.7096879,-702.8489175,-1016.635725,-974.7932061,-951.4021111,-515.2600515,-542.379896,-1129.589276,-831.3826207,-1245.983543,-1246.805613,-980.6586806,-642.2795575,-568.0051348,-1108.051634,-762.3239307,-702.252533
-865.2511121,-1359.942772,-699.1712168,-1309.55798,-1216.355914,-901.0912739,-1196.384171,-534.3819925,-865.6113534,-1421.252089,-850.4537199,-650.2090221,-530.6770577,-744.2538621,-1310.296959,-644.8808413,-543.9697992,-830.9841748,-1495.107609,-1109.98948,-531.3745289,-765.664628,-573.7671713,-620.7341735,-1160.855046,-781.0142726,-653.9091811,-625.5585457,-1091.082694,-1019.690593,-1485.74504
-1285.187656,-1314.85677,-1020.960131,-855.3855589,-1410.078925,-911.5189435,-558.8716893,-600.8087729,-1133.233055,-681.7914474,-933.6619806,-657.9929099,-650.8027886,-749.7479817,-854.706562,-891.8781539,-1328.973959,-1078.588145,-1432.814502,-1135.404,-1166.030755,-532.8593889,-1007.969162,-530.6167304,-1411.389729,-1189.436649,-1113.316475,-618.5823143,-1064.906267,-1131.233871,-1442.661105
-811.283488,-882.3977033,-1010.674227,-841.7370392,-1274.713525,-1471.51219,-1416.830503,-681.0275826,-663.6403807,-788.4252272,-1467.607609,-1290.134815,-1267.722211,-1401.140287,-1312.610905,-1025.676347,-858.4234513,-1208.902273,-1275.993604,-864.9342061,-742.0251061,-707.1880088,-1156.637412,-1194.753024,-1306.855079,-1453.03273,-1255.813532,-1301.638445,-721.6853959,-952.7525974,-1283.746521
-1353.307559,-725.2883616,-742.8498175,-1004.948265,-1324.74153,-1156.104738,-728.1160076,-1451.916125,-571.9486346,-568.2779335,-729.2404244,-619.3903573,-586.5658734,-1435.733543,-1125.940211,-807.3016541,-1493.508919,-913.1442487,-864.1942975,-1063.062575,-1239.595615,-1360.367046,-1211.600197,-640.7822755,-1188.573511,-527.2446343,-1417.098551,-1044.550942,-1102.70942,-1247.64924,-1058.802951
-614.5652055,-1051.804591,-531.1806052,-1374.034022,-884.9098624,-1000.424059,-731.6038872,-1126.040821,-1146.594374,-666.2873254,-1227.441478,-502.8736322,-1339.160681,-912.5732988,-1476.665601,-614.8286308,-1294.342678,-634.6190961,-845.8054752,-1140.634422,-549.4539069,-928.0509026,-964.2072049,-712.4588592,-1313.819533,-1479.426999,-1287.206874,-739.710844,-894.0418547,-1294.634205,-1141.753618
-574.3382286,-641.732584,-576.4030015,-559.375613,-978.290443,-1449.482397,-1178.240669,-714.3954965,-1191.397709,-1315.611978,-714.4151064,-1166.606277,-1470.056497,-801.290203,-722.9590741,-1049.516736,-637.1396818,-1055.903867,-575.7145594,-1192.748649,-827.969626,-1188.201123,-1224.428328,-993.8172224,-1068.000925,-779.2850668,-705.3234135,-759.9331119,-957.675004,-1403.655107,-1361.187929
-1438.383855,-764.3794685,-1464.496426,-1125.424544,-537.2529311,-1048.972463,-1355.741214,-784.7629856,-823.3650802,-1221.58211,-970.3904569,-702.0250475,-1240.326046,-1066.998303,-1028.338712,-903.9554761,-1393.966546,-799.2592682,-1318.491224,-1285.279304,-1031.015361,-721.7001615,-879.2989666,-1340.956182,-1131.236114,-590.3948613,-519.7829055,-631.6442066,-561.6051355,-1466.633857,-1156.81089
-982.4750088,-1487.13425,-1231.98465,-709.2613589,-576.7631222,-660.7144724,-866.5987892,-1301.604859,-859.2596696,-637.0638819,-1491.487522,-1400.618232,-1110.711582,-875.0677106,-892.6244344,-799.2428086,-1255.145237,-845.5132333,-902.8829453,-940.0231985,-857.2454546,-905.3702759,-1026.879719,-1243.656254,-1121.512886,-747.5715009,-511.8152713,-756.2794688,-1438.66519,-621.8681215,-1181.031277
-967.4687346,-949.1873754,-1120.245367,-739.746353,-1271.119066,-1197.280613,-594.3494403,-1488.675681,-844.281352,-896.014274,-728.3881311,-507.5289675,-1153.506457,-537.6139581,-1119.983934,-1101.90483,-743.3099188,-1250.259842,-508.5794852,-792.4723508,-531.4240078,-1011.624343,-1130.180378,-1036.375744,-724.0552713,-757.5888323,-1392.391898,-1252.323453,-993.4620789,-573.4318349,-667.5642496
-1164.046153,-1268.42469,-1156.986704,-1480.553982,-1279.952565,-1476.580444,-633.690666,-820.5709327,-1498.322119,-1279.617567,-964.5778719,-956.0715292,-1460.526565,-605.095252,-754.3321555,-1277.666777,-1227.909196,-503.3728957,-584.5406794,-1065.001118,-552.3779698,-1216.316281,-986.1656231,-1175.788912,-1405.108818,-1214.187764,-577.4640755,-948.2694206,-816.6909494,-988.6346981,-1305.508883
-1203.150378,-540.3234541,-1210.544813,-608.6388627,-1489.149312,-1116.149283,-525.2454891,-1432.666331,-786.1744572,-1014.253224,-1000.861576,-822.0677929,-658.6107856,-1314.135983,-1094.401275,-1361.997579,-1029.597937,-1243.296647,-772.0536923,-1335.257381,-599.0719654,-630.5527506,-1028.129228,-926.1286622,-1445.294892,-771.6844256,-793.9343467,-1474.32271,-998.9329564,-1088.502782,-589.5731939
-869.9116249,-1308.904461,-1055.603909,-1288.516105,-1125.608263,-1100.963122,-768.6754808,-1365.899235,-774.5280792,-660.4754283,-1176.026907,-1322.108276,-554.4524571,-774.2789117,-1284.967215,-633.7303689,-1470.493615,-1029.390044,-822.211235,-1343.926278,-1351.62798,-1473.563685,-1013.474049,-504.4940413,-597.2419782,-1055.626862,-558.1635929,-1404.499614,-748.1153964,-1310.397609,-1464.510189
-766.599186,-531.5279133,-1028.811886,-1113.615474,-1492.817744,-522.1695566,-791.7910725,-1106.054193,-885.7933993,-1130.310542,-1441.135245,-774.7720506,-787.1748134,-1055.346207,-757.1125954,-1073.326102,-1070.667369,-629.145636,-935.138633,-626.1307132,-1484.297022,-1453.793786,-1339.091647,-802.6680632,-514.5528237,-752.7957417,-902.1767265,-1342.474057,-1246.649339,-805.3949595,-858.1044022
-746.7678913,-594.1711895,-862.844047,-896.236923,-683.5938471,-836.9145074,-1453.599699,-1061.533881,-1408.20614,-1015.241656,-998.1585992,-914.8664961,-1309.563073,-608.3783518,-1087.243413,-1199.687453,-1205.203219,-1107.323689,-649.0407385,-946.7183152,-660.5911025,-807.3205033,-1441.846733,-1229.800514,-1376.438214,-520.055269,-849.7304878,-1420.363084,-1225.188918,-1103.386033,-1232.690934
-887.3197878,-1496.806157,-1229.753303,-920.5980608,-943.853482,-580.5109701,-1250.358671,-1084.813448,-760.3003202,-754.5582973,-1296.166172,-1040.520049,-913.4119417,-639.3443884,-643.3225085,-586.481152,-546.2011266,-855.3849922,-944.7605437,-907.3290856,-1392.956029,-540.0753763,-773.0191002,-1047.731858,-1240.540798,-908.3972663,-1455.547472,-1388.754831,-888.9787924,-645.5882296,-725.743774
-1015.347604,-1087.298781,-548.5555202,-1213.165524,-680.8586343,-1176.555764,-1384.92928,-1104.562448,-719.2526837,-1376.125287,-1256.219013,-1016.387595,-1283.992243,-1148.167502,-884.4973664,-1413.978199,-889.5425379,-1324.686103,-833.9626602,-1483.433412,-635.7323445,-713.6959353,-1158.432586,-623.4542389,-1206.447219,-1240.531349,-1298.9635,-612.1290211,-1260.245096,-1120.547478,-686.1927371
-767.4604131,-1140.948958,-1352.977734,-673.3294295,-1444.097204,-517.6121589,-700.0020527,-888.8323856,-1140.968996,-628.5410419,-1289.892671,-1289.597308,-988.5947271,-900.8596818,-1390.572142,-1271.812466,-696.6455874,-1228.217999,-620.1941727,-1444.707269,-983.173846,-1207.714045,-924.7259504,-1276.552754,-972.0906451,-1425.42756,-816.4083009,-656.3124265,-761.1902748,-585.5274473,-1199.06407
-1224.969818,-1335.805389,-1363.527492,-1274.326856,-1363.861589,-1205.912029,-1308.212525,-1122.061665,-519.6567983,-1287.266452,-551.4506545,-1139.720866,-1256.726986,-691.0948803,-577.2863957,-718.6764241,-1108.813042,-889.5708556,-1306.733607,-863.8255529,-1451.734598,-983.6854917,-1345.883005,-1446.43915,-1101.938368,-965.9134619,-1233.71233,-830.671525,-1243.366704,-1103.289384,-828.6148034
-1261.393801,-915.0940901,-1200.47864,-549.4440111,-755.2740609,-556.6604064,-880.309059,-1238.7918,-1239.582185,-1248.333034,-824.7554408,-1495.031869,-1287.984538,-952.6231374,-642.1527196,-1088.421361,-804.9647698,-1255.455529,-771.6540873,-1122.75303,-590.3669522,-1127.422546,-1167.557678,-1439.597497,-1107.341126,-1391.535753,-656.1319223,-1303.313644,-1164.40568,-754.1121727,-1426.233425
-906.7010545,-967.0313754,-1113.85575,-848.4963917,-1350.40478,-1217.018125,-1148.548026,-566.2008371,-1290.066191,-709.1669743,-1129.219088,-869.144202,-928.1382523,-501.1036412,-1358.404813,-1273.660316,-796.7992188,-888.1633522,-1242.536903,-739.0595006,-807.1235072,-1141.394828,-1405.026948,-638.8961246,-890.0593085,-982.6350768,-1083.947901,-528.9069683,-1145.850932,-1035.537925,-1106.082596
-1226.129728,-1230.040273,-916.8380293,-718.3652864,-1320.047542,-1184.112106,-1256.692503,-941.3171577,-803.734207,-1129.882754,-1169.856811,-1381.723835,-1317.810972,-676.4545623,-1438.241582,-1134.210311,-523.2930161,-1351.465317,-740.4418429,-673.0897622,-1334.194976,-1396.155206,-861.8779649,-615.956222,-605.8463042,-807.5900626,-950.1024722,-1406.62174,-984.1121674,-1424.907978,-1093.270005
-1214.108001,-1378.074426,-1420.264706,-1208.55188,-1033.371004,-690.0660083,-1189.737776,-1441.344536,-730.8205095,-596.2596204,-812.9764395,-617.4256859,-612.5778435,-1078.598295,-581.7583183,-680.3264922,-847.2408538,-1442.545734,-1065.076383,-547.9914083,-825.573901,-669.7677978,-1349.876219,-825.2376108,-686.885612,-1432.269391,-659.3729807,-1043.215056,-1184.172144,-779.0199851,-1317.443383
-530.9177871,-1082.579549,-1405.785398,-915.6844007,-1394.9853,-1302.601077,-704.0773286,-521.6646726,-1254.910956,-968.787667,-837.5111884,-1205.884642,-543.2136828,-826.9923804,-841.4458408,-1471.366252,-933.3554047,-1200.228057,-1316.117351,-1107.131758,-1265.991425,-1472.152316,-577.9492806,-1244.003033,-909.5844301,-590.9488117,-610.926093,-751.0357165,-1260.546535,-949.3292001,-1116.040573
-1465.603273,-1247.685543,-1187.744263,-755.4997817,-543.2351653,-1160.242251,-1146.94792,-974.0215684,-1428.986132,-775.7303906,-1241.453926,-1322.911702,-951.6069412,-754.0711026,-691.5863213,-949.6313689,-783.2408215,-782.6048363,-1061.468289,-1207.145153,-1088.901369,-1060.947798,-1278.177609,-1093.081535,-504.0557696,-621.72858,-1324.51046,-1262.654094,-1464.900415,-622.1611572,-555.8182808
-1239.446166,-627.0951263,-980.1144407,-872.7731911,-540.9788734,-1104.994229,-1259.001107,-1193.334507,-505.8155256,-675.5039596,-946.9046589,-1469.912542,-786.5794587,-664.7294168,-889.649921,-799.5743397,-989.815943,-829.2591566,-1028.639802,-1146.670132,-666.6129183,-565.7240157,-1390.111699,-835.8115954,-920.6937041,-688.9469592,-513.252937,-1424.262215,-667.654278,-1285.406352,-1210.464225
-882.8441412,-639.2151792,-1089.401753,-625.4276737,-1405.802311,-1039.142547,-1297.392066,-1299.006336,-963.4427386,-557.5432544,-1304.594792,-1270.89446,-869.8989348,-1447.563068,-639.0328638,-1316.699029,-857.685318,-528.100028,-1361.903957,-1236.16544,-1329.515158,-674.8272508,-804.0494955,-619.0883668,-1146.564068,-667.8785912,-893.6499327,-1297.966633,-919.4631459,-1069.794306,-723.3599694
-1235.057824,-531.2803586,-1105.128176,-922.6467903,-907.1148176,-885.0270497,-1441.858381,-1323.522531,-1460.367322,-1102.781348,-965.1094854,-999.0449098,-1462.241053,-583.5040542,-910.0079571,-704.8286519,-955.8534266,-1149.450175,-1149.89485,-1244.553479,-562.3185507,-646.0439305,-541.6916825,-1211.744676,-1072.052642,-955.134654,-838.299783,-809.7724904,-577.577679,-1483.017405,-1085.134659
-873.7860773,-1462.121995,-539.0152968,-872.1965301,-1444.333806,-777.1853057,-1412.577827,-1467.813589,-1213.597974,-1469.08211,-1382.53683,-1021.230235,-797.8359895,-1338.125044,-926.1447011,-1036.887867,-944.7610028,-1188.468266,-1237.671296,-1344.101222,-553.8571903,-1067.16691,-696.5524508,-1216.005376,-1421.568413,-1204.812495,-909.3127553,-1407.773203,-954.3686816,-628.4900043,-1426.784703
-923.3093243,-509.0187723,-724.8226033,-976.3301157,-1028.481764,-728.9671168,-1436.839346,-1212.471527,-574.6524169,-696.6527483,-916.2816017,-1358.084408,-694.5719674,-1091.322171,-1043.314403,-933.095891,-1095.029291,-550.253117,-926.8945337,-711.6810711,-849.6023676,-1025.571128,-1183.661454,-1088.931042,-1095.434459,-711.3978816,-1185.949427,-663.5666618,-875.9657704,-550.8103643,-1454.777942
-1147.594921,-630.6945348,-1394.241603,-1027.486184,-847.1242873,-1407.843801,-1398.174279,-1249.393072,-1310.932326,-598.3899121,-980.1658649,-1450.783208,-1446.26974,-764.6185096,-538.7694401,-1066.924013,-618.6247574,-671.6051034,-1295.458615,-1366.385318,-1242.339951,-561.7951583,-781.221338,-748.8257631,-635.4886487,-1181.301879,-899.4892607,-1311.433613,-545.7806515,-664.3643115,-1476.644474
-703.9925361,-1035.28146,-750.3395376,-1425.723515,-846.267055,-831.4303482,-545.0770609,-926.8692792,-563.9566329,-930.2714533,-639.4319445,-1158.578386,-782.585165,-1249.232223,-1242.698405,-1106.539152,-1351.415031,-703.0583178,-615.3551544,-856.3195843,-1024.180809,-1455.912357,-713.458702,-809.6237541,-825.2645279,-1221.527366,-782.8330719,-1469.236491,-583.3303573,-531.0847505,-863.5847838
-1215.013691,-1124.444359,-960.0904925,-673.9354779,-1329.266903,-1212.528116,-790.9984546,-1163.347467,-1110.688208,-1132.345677,-1165.498641,-1364.430932,-1481.456173,-1347.686881,-1275.850419,-1002.496956,-1203.943057,-704.1585969,-613.0228309,-1390.480189,-897.310383,-1058.087924,-936.085335,-533.6461316,-666.8497342,-1455.482276,-523.0793596,-946.6075067,-720.0286073,-1177.85985,-1397.364457
-605.5716575,-1046.729027,-769.8143238,-1161.829461,-701.7996137,-1449.169251,-1409.35774,-754.1704934,-1488.02011,-602.2037009,-1473.809839,-832.5448546,-1127.024162,-881.2660618,-1067.167073,-879.4437731,-821.8030134,-1440.941818,-1434.786766,-1052.974223,-895.6123974,-1163.282507,-1210.192712,-866.3181503,-558.1810308,-1400.514809,-1148.837712,-1147.079266,-513.3772636,-688.1993264,-714.9243667
-1000.276882,-1385.549759,-651.2570946,-1387.733937,-542.9997512,-970.2499783,-965.1903691,-1078.601442,-1061.819876,-1095.768093,-1419.257821,-644.3644865,-991.0828029,-562.4726462,-566.641822,-1136.34618,-1115.180729,-1400.398489,-1081.050446,-1183.304058,-1021.511434,-974.7875664,-1273.279154,-1184.865067,-1302.886578,-1291.764475,-795.0993949,-920.3728023,-1493.525557,-867.7205278,-1066.020348
-1415.471383,-1461.085464,-1238.867025,-1418.058633,-1179.090405,-591.2016261,-1334.318225,-699.9910951,-556.1033776,-1423.026373,-1414.775791,-615.9420301,-754.7985995,-740.6509978,-593.313822,-1476.07608,-1228.933131,-1430.995106,-721.7090245,-1073.170834,-546.9589478,-646.2210029,-893.6829324,-1324.238097,-1195.237698,-1309.271706,-673.3130917,-1146.794601,-613.6876588,-508.8384629,-1250.827923
-659.3710357,-1387.98996,-832.1327627,-753.0100118,-870.117297,-905.3550824,-770.314472,-1432.639903,-514.7884647,-566.3636307,-576.0230479,-692.8796766,-510.523493,-1224.731093,-687.9232323,-1313.93734,-1141.307875,-795.343048,-604.5766479,-691.8102109,-1264.459416,-1326.70103,-1238.203876,-1261.467418,-853.9852496,-1110.679675,-706.5068285,-804.5869269,-1460.21536,-1292.938389,-726.767716
-848.226337,-1181.060876,-1239.250225,-715.0757156,-1076.109009,-860.0212601,-1275.036465,-1175.359724,-1306.914332,-1245.081197,-577.8567263,-929.7544835,-951.6999673,-1298.491854,-773.3659568,-681.2058924,-1155.798887,-1120.920236,-1025.285399,-837.0129223,-675.8622729,-525.8526537,-1361.825472,-580.5157523,-1482.542988,-611.1576627,-1183.272015,-654.5717675,-1114.947488,-512.396347,-667.1199999
-1002.877122,-728.9387103,-1451.404279,-690.9515945,-761.7922763,-1345.945552,-1238.459531,-596.7521631,-1337.484767,-653.4363191,-1312.554858,-946.5214098,-1238.735445,-1214.617226,-1320.133372,-1036.562883,-1022.374367,-1020.20052,-961.8653324,-1037.500073,-891.0495948,-881.3259118,-659.7187005,-1461.382115,-814.8428781,-733.826527,-1120.427779,-647.5063827,-945.6834154,-847.1341259,-1431.085592
-1347.187083,-970.3152988,-1360.231029,-909.2499188,-716.5254826,-839.3385612,-849.849228,-708.6125101,-1395.056736,-1226.861082,-632.3833495,-1234.217603,-1258.965311,-503.9122502,-649.5032831,-1168.087693,-834.1589474,-519.5792057,-1330.556363,-1367.811124,-628.2337538,-570.4965228,-1214.391971,-586.0371271,-1106.505151,-1254.585642,-1050.532465,-998.7134643,-689.7217997,-835.2444663,-1397.481337
-1402.58401,-652.0371918,-1272.578146,-1223.092437,-1079.370292,-897.3061017,-1024.548933,-1374.039333,-521.7656146,-766.5741302,-1346.500687,-1426.364485,-1042.522417,-1443.830752,-898.8038626,-1220.942336,-828.7197814,-743.0025167,-1056.07521,-738.6011713,-848.8040747,-1497.807355,-504.4350463,-1175.274609,-616.4448466,-991.652751,-635.0011281,-692.0161403,-996.1865264,-1413.875345,-1476.63296
-639.1181346,-1455.346683,-1192.970519,-656.4051805,-1467.890499,-1257.766308,-1042.831053,-1404.140915,-1313.144475,-1077.395299,-650.2101044,-1155.383157,-1386.04656,-694.9194948,-1443.762031,-612.1428695,-652.340869,-910.6603988,-582.2308086,-578.2622572,-856.4772609,-510.1136762,-706.6656718,-914.5756013,-582.2613938,-786.2283969,-1363.286787,-831.9548922,-668.9411791,-527.7586769,-892.7205263
-673.9875924,-1102.089254,-727.5612384,-1006.187089,-603.2755795,-633.7206196,-863.1709458,-1066.6782,-1156.904465,-1213.977107,-1270.562994,-869.3988155,-1228.307079,-654.7949361,-826.5947818,-1424.581379,-1251.053468,-633.8914155,-1054.965315,-938.6611795,-1316.866926,-1370.506935,-1419.756577,-1051.436441,-1204.770859,-500.1617734,-827.8943619,-757.9249712,-590.1269214,-590.1717995,-541.8013892
-565.9254637,-1156.442125,-1460.896986,-976.87313,-589.581997,-1130.958694,-1111.376445,-795.8980694,-638.5209267,-1001.338457,-1373.941701,-1257.444114,-765.2708832,-940.8256005,-503.7171238,-1307.186146,-1285.011279,-1011.821168,-587.5758339,-1158.831452,-1356.123252,-850.2306553,-821.4983335,-591.879614,-1381.214681,-1439.670689,-858.8440916,-667.9203804,-1009.842202,-1392.644628,-1233.323363
-738.7883425,-1198.430631,-872.7373652,-811.2832871,-1165.889452,-1164.575956,-1188.830861,-1192.883157,-588.5644649,-1462.881996,-848.7237959,-1127.489688,-1408.827305,-1274.62779,-1245.083083,-691.766467,-921.4935191,-1164.753464,-1141.739237,-1303.253813,-1439.725484,-628.1321868,-1285.512809,-1050.053678,-884.832416,-599.4544334,-873.6291582,-912.2283094,-1459.694996,-1235.934767,-1403.851561
-805.7827033,-1443.421364,-1344.146634,-1490.369528,-1415.291228,-1468.8055,-939.5825977,-532.1847712,-847.896376,-987.7647654,-1246.321955,-1356.471526,-1157.96185,-856.8626327,-1376.137492,-601.8543512,-1296.004203,-696.267254,-927.8652235,-901.1053168,-828.3897504,-1396.348576,-1257.346372,-1136.018193,-1270.636299,-662.059316,-1013.798741,-790.8921326,-1202.933636,-974.711414,-1382.668226
-580.0691479,-950.8812506,-942.7953779,-719.8582477,-882.5317623,-1348.83492,-1330.295171,-853.1466079,-1080.072125,-1357.977304,-1052.537207,-1210.224152,-1109.552929,-884.8850519,-743.386494,-918.4098548,-1453.884085,-525.0505111,-1028.78729,-726.784696,-732.607558,-855.1299166,-1459.508948,-1176.786488,-867.0716516,-649.9068053,-568.1789019,-591.0378352,-788.7782152,-991.4298686,-524.9387857
-1421.664287,-1011.518259,-547.6331181,-1401.236483,-570.5741414,-623.9894017,-1447.231589,-523.6895285,-647.8076608,-806.0939022,-1494.733747,-1181.111369,-1186.758918,-937.5209773,-746.1853234,-1140.439394,-1100.33504,-819.3184726,-1155.095135,-813.4230933,-589.5355979,-948.0671309,-672.3958623,-1262.917665,-666.5984695,-591.5167753,-1150.486331,-1499.068196,-782.6475332,-1210.208977,-838.1325781
-1073.051154,-1112.277153,-1359.393111,-923.1183136,-723.5552646,-1144.486632,-726.7268764,-707.4135024,-990.9380944,-739.7566553,-1237.813489,-915.6841607,-690.4823149,-723.7502433,-1001.801965,-1035.098779,-707.8620781,-840.1094065,-1067.158416,-870.8273447,-1082.862458,-1249.795225,-1334.538855,-759.6314603,-820.0575557,-710.0158039,-780.0368883,-1220.76358,-1414.817569,-1358.822611,-860.5624871
-906.2398935,-1038.934768,-906.183404,-965.5505393,-876.0029378,-785.7000405,-1273.370582,-1321.595888,-1145.974729,-1403.830082,-1469.476588,-1012.878223,-695.6580962,-667.5520171,-681.6936439,-1250.753121,-795.5870299,-1298.264349,-1065.323483,-961.217154,-1288.626624,-648.1802521,-599.5770879,-1001.828632,-500.6672122,-711.4912939,-752.8892626,-1058.150354,-1433.101666,-1348.553872,-830.3696273
-1475.477611,-1344.94722,-767.3441557,-1288.567198,-533.4649734,-1482.432776,-1406.750504,-1242.997698,-908.2925088,-1029.847557,-1113.600273,-950.3404171,-1215.395577,-1272.553594,-1244.402789,-709.5127629,-1147.981598,-880.1638409,-1314.608671,-1454.758574,-784.1015005,-1441.661312,-929.7318902,-1108.97912,-1157.049861,-883.4431391,-1102.482743,-776.5033691,-999.3746031,-598.6684665,-617.9950381
-701.8639423,-1313.591206,-1016.215824,-1047.921665,-811.1305653,-1100.223223,-1005.124806,-687.2088652,-1090.706736,-823.7167537,-558.2246874,-1163.294494,-1385.058475,-877.4576812,-539.4415079,-1074.283455,-950.1282373,-957.6275248,-643.37681,-1463.432657,-1176.510235,-1262.518078,-1259.860875,-1082.813414,-765.7957534,-842.2081311,-1269.188094,-1430.604329,-1303.077514,-831.7090788,-1068.806167
-602.1987426,-1258.609635,-787.3067781,-538.3647885,-625.306225,-720.2963514,-1115.243168,-869.6427126,-1435.197295,-1203.480913,-696.2647458,-1121.692424,-887.8730494,-1392.425112,-1057.139988,-780.553815,-921.6083343,-777.7098556,-918.3606124,-1180.482376,-779.2443138,-1352.024844,-1491.560854,-1189.615208,-1096.740944,-750.1880128,-957.1402688,-1258.673543,-938.289392,-897.8662803,-1362.895367
-817.7136865,-1295.739964,-587.3676997,-650.2888577,-871.6359767,-1078.862743,-1416.30345,-1041.745733,-1206.022165,-951.0364708,-1225.993156,-1462.049282,-1468.351121,-1187.756826,-699.1581231,-1363.394678,-1433.931846,-1151.091477,-903.1002331,-597.484911,-662.4640124,-1018.023434,-779.5339187,-930.6001866,-918.1643266,-1337.072998,-1338.096841,-1097.229404,-1336.343975,-850.7228545,-1271.241926
-1193.902988,-1316.649305,-1108.043749,-608.9564757,-1090.882544,-1231.653159,-540.0316692,-1322.991026,-1317.765797,-1418.782532,-613.2999927,-1385.818373,-1462.228935,-875.2552015,-1230.975059,-1222.05991,-948.3771491,-1214.451271,-588.3049495,-1246.260874,-592.1702504,-1146.943985,-908.7294673,-787.7237478,-662.3079036,-1322.964113,-500.3474622,-1498.870073,-524.4141532,-1393.55477,-652.497685
-1051.885933,-1182.584092,-1403.580441,-1426.982753,-1339.420558,-709.0454986,-915.1358946,-823.3991284,-674.2019261,-1294.032053,-1467.540405,-1086.27555,-1384.220286,-1431.576297,-1458.339487,-783.1962736,-732.971121,-751.6132313,-752.7921303,-915.1538525,-922.4418446,-650.3340089,-802.4795463,-1059.059995,-609.0198972,-1189.473832,-934.5021107,-979.2257889,-1058.905334,-814.2834016,-1115.323644
-916.2327845,-586.7780435,-605.3634737,-1099.864955,-561.9045359,-1077.359092,-1153.915477,-1443.303314,-692.4478743,-811.2857931,-1350.133446,-1224.343097,-731.7126992,-933.2908361,-890.2930578,-1000.17965,-1107.109894,-684.607761,-722.4237307,-1340.381031,-817.5239274,-1228.659489,-723.6986926,-1451.306384,-1004.883855,-851.168062,-1373.801498,-838.2702743,-1002.667837,-714.2608487,-827.8643989
-788.9097993,-517.4408449,-1229.998358,-1135.203468,-1435.941519,-807.2178871,-1322.682953,-1154.613941,-685.147614,-789.8601597,-1426.674079,-516.6602268,-1245.339605,-649.2284921,-1258.509485,-991.2653451,-726.4012385,-1299.551237,-1034.721163,-1110.659052,-832.3714482,-778.7116641,-809.6199004,-500.4933213,-1404.278694,-1344.403629,-599.6841486,-757.1396836,-589.8066539,-770.724133,-760.9262601
-968.4215821,-1428.195423,-1187.888114,-621.7426028,-912.4302272,-647.9700571,-1263.823215,-620.1974419,-1186.781242,-1416.489922,-936.1765874,-1090.1394,-1223.524209,-779.9132849,-724.6734474,-1393.80967,-653.4271694,-780.9001576,-876.6601294,-639.2096499,-505.8986081,-1041.19473,-1121.390363,-1086.638925,-1319.056234,-1229.33995,-1166.252856,-515.9657356,-1425.518894,-931.6419009,-1086.899936
-698.0314222,-917.6984664,-639.9339033,-1300.921102,-830.0457996,-590.7762012,-572.4513944,-1196.964903,-888.9918664,-951.3115828,-1375.962935,-1142.502481,-648.8913616,-1237.304325,-675.529598,-1271.491417,-646.6460067,-1304.704613,-1055.375303,-649.6440388,-995.0143262,-1117.555286,-755.1459669,-527.2876554,-1225.487436,-1142.045152,-510.7435714,-1265.359098,-1372.072094,-520.0182406,-1286.345022
-651.8812396,-1416.566959,-1453.806257,-1059.684812,-876.6986154,-573.5800605,-957.4710553,-1139.732988,-770.3940918,-751.5301591,-897.5573736,-615.339026,-654.3784362,-1021.184701,-958.8691099,-621.5623131,-1270.584631,-915.6205208,-1482.113157,-747.4056207,-1394.231023,-1273.2636,-992.4991292,-813.127142,-796.9089439,-1131.476154,-966.0510172,-530.2150455,-843.5071383,-1199.783974,-1005.088866
-1020.50465,-843.9947817,-890.3216289,-1377.740302,-1084.708718,-1285.954711,-951.1698421,-1160.190556,-595.1118056,-1324.395214,-1164.916266,-959.8263019,-1371.45117,-500.8229717,-1101.393968,-1234.464435,-582.522641,-1260.444564,-1332.186804,-511.2452705,-673.4213441,-1095.78714,-1065.99245,-988.2166119,-579.7122995,-1395.10861,-856.2790117,-1097.876481,-1479.861672,-1102.037366,-752.1917891
-1157.281484,-1302.675563,-833.3510516,-1136.048604,-1074.161638,-622.7252558,-780.696211,-868.2206291,-1019.555963,-1419.500358,-1136.312712,-1126.213988,-757.3146496,-633.8670075,-578.1079255,-527.4571006,-1191.808899,-1410.873297,-971.9278185,-597.0292391,-793.461849,-1324.456747,-908.882561,-897.7624573,-1051.141986,-929.1830923,-820.3157199,-1490.703669,-628.0465422,-995.5637397,-675.1608029
-1166.281611,-517.1356145,-940.8767175,-954.1436589,-808.4330983,-711.1234429,-1473.806278,-1008.784561,-1053.738442,-1484.676184,-1005.468259,-1083.431361,-929.2078515,-591.5644296,-1145.768523,-1269.818524,-882.0133771,-762.7517887,-1210.757915,-558.2293778,-1043.938531,-1330.596089,-1284.157457,-525.8968494,-791.6599268,-737.4064601,-898.530648,-1496.11108,-1254.479103,-795.565288,-1285.028418
-742.568411,-656.9403799,-675.1183088,-1297.735706,-1413.648916,-948.1320759,-1429.168555,-1155.794099,-1455.413153,-617.5247397,-590.526014,-1341.855551,-543.6540995,-779.0349108,-850.8505481,-1236.052349,-1104.304213,-1481.048793,-1294.101238,-1008.978981,-619.5272465,-761.8749324,-708.2031467,-900.3449279,-949.9432202,-720.0462517,-1292.532964,-703.9170949,-1038.866244,-989.3139919,-1444.132841
-648.4095544,-1118.807385,-879.9555698,-501.0133819,-980.0955135,-803.9843885,-709.2543066,-847.7183534,-704.3334909,-1148.164068,-812.0354945,-1410.854035,-598.3830414,-1229.595012,-883.7746009,-1041.974409,-1090.710107,-946.0797068,-1409.722865,-1461.362595,-592.6262766,-1476.282693,-1256.937312,-671.8882492,-1323.542294,-602.0491784,-1375.020468,-720.827428,-641.7214275,-1445.135681,-556.6951515
-1210.312639,-789.0244873,-1497.907885,-812.9686276,-1225.879831,-557.6710126,-1298.030134,-788.2337266,-841.9021093,-1487.185906,-657.4923877,-1380.004301,-694.4397783,-1371.946306,-1486.937372,-1443.087172,-1419.89619,-938.5331137,-877.6889681,-840.51765,-554.0694146,-747.9005459,-851.2716322,-1062.656713,-1392.131458,-1127.614198,-598.6069705,-512.7640147,-808.2139091,-738.4023443,-1170.609718
-1106.063164,-1218.553707,-1049.614707,-1409.026405,-551.599685,-774.3280573,-933.919006,-1029.952833,-641.2640172,-1144.342917,-1473.836291,-637.9753278,-847.7961541,-1058.11348,-642.7186178,-1270.415494,-979.0608965,-507.0004495,-1251.353227,-872.6250549,-795.6024941,-758.2226652,-1213.150252,-999.0418725,-898.856754,-599.9197427,-1169.187398,-1146.855812,-1259.796647,-588.10056,-1445.44281
-665.8628586,-1403.552033,-761.6202755,-1205.253096,-818.8129927,-759.1273338,-845.3347779,-701.429339,-831.2429436,-624.9146159,-1003.676661,-804.4462375,-1374.843339,-964.1971554,-781.5611737,-895.6802818,-1165.147889,-692.5913566,-1213.633365,-1294.432989,-1279.07667,-1200.805028,-1283.869073,-550.6381555,-819.9591922,-1204.261277,-637.0942111,-1298.569495,-611.1882819,-638.1423999,-837.3540091
-1498.759612,-806.6839696,-1371.153948,-607.410283,-1036.713088,-547.3223191,-1210.278032,-1097.566707,-1010.536858,-829.5849713,-911.0111309,-846.4704982,-869.7256231,-1101.284217,-747.8211685,-635.6838196,-1280.122521,-1432.181898,-674.9464519,-944.073499,-954.0350626,-968.9076868,-936.6717021,-1216.225926,-736.9479954,-1061.670145,-1434.83317,-1064.672943,-802.6993857,-785.7558098,-720.597464
-543.2811864,-517.3234064,-1430.141942,-1216.966813,-986.5303298,-683.1152168,-1328.458144,-1187.143573,-793.7055683,-1346.0031,-637.4347069,-911.4027991,-518.6335491,-626.2939187,-1211.0988,-908.6573906,-773.4736233,-1325.047225,-1302.488313,-1028.561637,-665.9294014,-1346.603046,-1437.085736,-1198.905479,-915.0419156,-831.850796,-636.4866505,-539.5332256,-915.7583405,-723.4300304,-799.8083966
-1243.984864,-1053.255737,-521.7963064,-740.8879834,-1432.575984,-673.3786649,-1003.515346,-976.1136387,-1391.677279,-1389.974113,-1036.866277,-700.220146,-1029.690614,-830.5530478,-1316.87433,-1315.312009,-1351.914384,-1014.603681,-1168.447134,-1351.897645,-1322.356617,-1063.055759,-898.8106757,-1348.483631,-1075.561669,-743.9070751,-1193.268737,-530.3247626,-927.1134205,-1301.40174,-952.1820977
-1062.037789,-1148.21607,-849.3727857,-1225.663545,-1203.512945,-581.1015814,-861.6418909,-1209.042386,-502.7214332,-1168.72995,-1030.392618,-580.050072,-1359.241815,-1032.565405,-917.3653994,-1281.987037,-1497.249742,-960.2013122,-1190.837685,-1165.439686,-1005.462142,-843.8536859,-891.9197339,-1100.059151,-1096.947896,-1162.553293,-1478.597244,-1352.497314,-711.9675584,-1128.368248,-870.8631704
-1232.448228,-1001.162564,-938.4969048,-1473.452045,-1360.017362,-852.157585,-625.9007828,-757.1122282,-1261.467559,-1361.827476,-770.7090919,-1264.715981,-579.2828661,-764.6093008,-1278.888703,-1419.974675,-812.9623976,-709.931644,-818.1611423,-1038.917856,-678.473014,-1273.135714,-1405.047769,-1417.80417,-871.9208249,-1381.784649,-1296.196177,-586.6421186,-562.6489938,-1156.89266,-1436.195234
-661.1614787,-1469.068409,-1328.581081,-778.5194784,-1450.653903,-839.3028166,-1191.218873,-1332.185193,-1486.969895,-1246.017529,-1283.011175,-662.1015099,-871.076355,-807.3522792,-1252.106722,-503.8492425,-661.4534768,-1437.314544,-880.1217219,-1032.278144,-955.5515564,-1465.896607,-552.7751649,-1080.172926,-1090.354907,-532.4628373,-1236.181973,-1221.04651,-1380.465646,-1163.557399,-1092.10102
-1354.376764,-1014.017727,-928.3610796,-669.8497347,-680.5154351,-920.5911448,-1478.130937,-1152.648829,-877.0351539,-1293.715085,-1307.168982,-585.6348559,-1128.645308,-1386.736905,-614.5065259,-999.6341485,-777.1226207,-901.3531215,-738.819251,-997.9956226,-1105.928728,-691.7067851,-1348.07916,-535.3849708,-1278.871878,-658.2974949,-1086.043136,-1389.936185,-956.9129328,-1032.615516,-1033.33797
-884.0747348,-747.0600689,-576.0739574,-951.1863806,-1350.243543,-855.9289589,-868.5713189,-1230.631166,-1160.891253,-816.7973423,-1051.385471,-1010.114493,-894.6745981,-1033.293899,-1008.786927,-1266.688057,-526.2083161,-786.1130608,-726.3241308,-680.9372981,-514.678172,-745.384668,-1277.379684,-1336.176376,-878.9978145,-1145.899459,-1460.911989,-511.7873058,-1449.426196,-1404.213238,-765.7271148
-1231.315471,-1426.328099,-555.0454098,-939.4930171,-950.2796176,-1228.848138,-897.1711038,-927.1076035,-856.3817963,-748.6324991,-1345.669064,-1401.964746,-942.6745726,-937.6770643,-618.4317468,-1024.883501,-1184.77715,-1115.1872,-958.0357514,-1484.677074,-721.1920628,-613.0298852,-1005.70632,-1063.569221,-1445.668442,-887.5579595,-1367.318996,-943.6559629,-746.9125041,-1171.041269,-621.6325339
-1008.25699,-1346.174577,-1274.72818,-1385.661897,-1074.99892,-784.7931084,-1427.840421,-1153.106669,-546.7495986,-936.4340563,-1092.078607,-1306.834111,-1373.130057,-548.0943481,-979.5230242,-1010.569377,-1084.958202,-752.39094,-1084.628061,-885.0788967,-869.7869059,-971.4543133,-1148.921551,-1003.015793,-1111.81621,-1364.665382,-1496.730822,-1158.567028,-532.1659101,-538.0556147,-1472.702193
-651.1047452,-680.6731739,-734.988354,-1034.286344,-1064.481979,-1248.772657,-688.9517701,-1001.441404,-768.130385,-1302.790566,-1232.93805,-792.0731868,-1082.655474,-1100.23358,-727.1680349,-1440.181485,-659.6647298,-1418.793773,-1357.795935,-743.0502675,-1092.151468,-582.5630848,-1195.426218,-552.1989537,-1265.604162,-942.2581239,-1381.545662,-1362.113175,-1426.316923,-609.1079816,-1049.013938
-967.4358412,-822.2864539,-1219.730057,-933.9369996,-1400.6149,-1041.131157,-734.0729498,-926.1089195,-956.739818,-780.8556923,-1309.187254,-1386.022966,-1373.776391,-604.4303476,-775.9571951,-1067.324098,-950.7673734,-1199.208221,-1308.160186,-1407.490917,-1143.259859,-682.0119208,-1190.469607,-554.3457775,-1009.641467,-879.2795593,-1338.013235,-588.9508775,-754.8774366,-986.111402,-1217.089433
-821.1169186,-1102.612628,-965.1155619,-880.7478121,-1450.319272,-1300.224242,-556.4827541,-1229.00546,-1188.193007,-1342.117097,-1180.876531,-791.6681374,-744.404721,-1267.248536,-1159.736445,-987.7198144,-1027.000251,-1103.680391,-1151.81432,-744.230049,-597.8734694,-742.7234454,-918.9623862,-1475.721982,-914.6863042,-523.0332927,-876.019818,-1263.553303,-803.5002357,-1401.91314,-1429.935481
-765.1803502,-1280.50514,-1444.68993,-1016.776981,-1006.403934,-682.2202472,-1146.727856,-620.634434,-1125.915176,-1211.535025,-1202.514352,-1005.880379,-1011.182242,-1019.632015,-1381.96789,-1020.511998,-772.3238731,-913.4259033,-546.39099,-1003.053204,-559.1433811,-1198.351966,-1194.796136,-1127.915862,-657.3946028,-730.0732893,-1388.448836,-1034.609967,-776.7067054,-1051.37958,-1341.323419
-769.3776222,-922.2754999,-1443.281482,-795.8128894,-711.4626643,-902.9522293,-1155.148295,-722.900656,-667.2702345,-932.7142839,-1461.090528,-1271.310812,-1208.765062,-1307.772798,-1251.507729,-1144.178383,-1051.47208,-1097.771798,-823.7232434,-723.638911,-1398.179581,-1268.034087,-608.0449166,-629.4519015,-947.420238,-1294.004678,-563.0949435,-585.8353456,-584.0744696,-1321.947565,-1138.185575
-652.2157196,-930.3414212,-1442.346595,-1137.828075,-1406.891919,-590.1933595,-593.1131884,-771.6512741,-676.9934562,-1283.639163,-590.9831059,-1108.929678,-627.4317401,-1286.277116,-544.4881429,-1419.185733,-962.3157724,-1499.595532,-1472.650883,-866.1268938,-864.5982014,-1008.077052,-770.1900421,-1338.680396,-1327.951093,-1259.728078,-641.8495812,-1295.682557,-623.933265,-1241.263286,-827.6078697
-1233.72329,-1332.823052,-1338.989969,-544.0995639,-684.8499028,-1281.174103,-957.6076647,-830.6335581,-688.6884425,-597.8708581,-987.2348962,-1216.931299,-505.1279053,-1398.517607,-1021.842392,-964.03884,-1111.433981,-805.717291,-1328.951319,-746.7144537,-1302.747562,-975.0992194,-618.3398278,-1383.79935,-768.4609945,-1489.516384,-810.2831865,-955.1542791,-1337.732439,-1354.728765,-1483.543744
-1280.775013,-521.9681643,-609.9435459,-638.6824826,-1332.847189,-716.7728815,-895.2903184,-1229.832557,-895.3874214,-669.2732945,-906.2470976,-1067.965357,-770.0174492,-641.8988719,-1479.452759,-1179.772643,-1368.01156,-688.2564397,-545.280613,-1208.267253,-508.1658164,-609.0878425,-1216.733124,-1227.006535,-1275.168999,-882.2443068,-574.0008364,-808.432813,-1369.494287,-691.3450456,-998.307528
-613.3064658,-1314.502395,-1318.076017,-627.1672137,-1027.825978,-799.3328419,-1170.798891,-784.60171,-1456.666647,-1189.773601,-835.3535989,-1221.133763,-521.9351061,-931.5200395,-769.2144185,-1152.423038,-1240.094041,-1495.452217,-859.5271308,-1483.299815,-663.8918696,-697.5028379,-1387.934664,-903.5936793,-588.6873317,-727.2180164,-538.8846739,-1116.373941,-995.5256415,-854.9223696,-1220.044223
-803.3776147,-1225.229031,-1349.230844,-1358.49569,-1022.791115,-1409.39782,-1051.054609,-1030.766362,-1419.007352,-1197.776494,-760.0475379,-783.0778923,-925.0784143,-1266.205822,-1391.48213,-1396.415557,-800.6958064,-1075.350047,-1385.327732,-579.9392862,-530.1685026,-1027.304528,-656.7461619,-632.2756034,-671.5630392,-1339.134728,-517.5213284,-1426.153129,-1117.239305,-674.8366286,-565.5455318
-753.5067083,-1097.202457,-833.0662304,-640.9588253,-686.6155406,-963.1658493,-939.6383907,-765.5916883,-1456.522669,-1333.568994,-1322.609981,-1031.313389,-1232.688807,-768.6077442,-815.2234378,-961.5573517,-813.8092325,-1097.403964,-1456.451494,-1113.281405,-1231.961552,-1428.090554,-1495.232498,-689.1655345,-717.5246211,-1085.018897,-1306.194049,-1017.591851,-637.8153944,-736.1164029,-1033.665291
-1034.346809,-1118.612104,-1003.881718,-1410.503653,-1273.168453,-1281.04632,-906.5509055,-842.6011179,-1272.406743,-1007.694064,-560.2825045,-1222.315769,-1009.517383,-1077.831361,-892.1730487,-831.334672,-999.1525349,-1048.800761,-573.8059309,-702.7995303,-1119.795189,-700.3264217,-1050.246744,-513.6549523,-767.5356652,-1487.103275,-1484.06469,-1437.819963,-849.4282684,-1100.650812,-655.0694142
